source,rg_ratio,lab_a,mean_r,mean_g,mean_b,label
eyes,1.155792,142.709814,209.6154,181.3607,207.252,1
eyes,1.002884,128.005355,4.0248,4.0133,4.0191,1
eyes,1.845584,140.186576,58.8424,31.8828,42.5038,1
eyes,1.845584,140.186576,58.8424,31.8828,42.5038,1
eyes,0.926094,133.389473,130.3592,140.7623,179.382,1
eyes,1.752685,137.646582,49.5756,28.2855,36.8406,1
eyes,1.879176,135.28236,35.041,18.647,24.4332,1
eyes,1.753088,137.647653,49.5667,28.2739,36.8288,1
eyes,2.164064,163.598553,142.3508,65.7794,94.1389,0
eyes,1.568958,141.927729,76.8765,48.9984,67.0797,0
eyes,1.568958,141.927729,76.8765,48.9984,67.0797,0
eyes,1.594887,133.00334,27.9244,17.5087,22.7795,0
eyes,0.965165,134.753969,81.6104,84.5559,115.5173,0
eyes,1.470068,136.543481,53.3416,36.2851,47.2451,0
eyes,1.470068,136.543481,53.3416,36.2851,47.2451,0
eyes,1.623717,130.703027,15.5007,9.5464,11.6182,0
eyes,1.459472,156.730844,169.874,116.3942,162.7707,1
eyes,1.472396,156.470833,162.3194,110.2417,156.8236,1
eyes,1.454031,156.684282,170.3266,117.1409,163.9268,1
eyes,1.453512,156.680217,170.6301,117.3916,164.1003,1
eyes,1.003604,134.855608,132.5078,132.032,161.4914,1
eyes,1.509398,135.47902,45.3297,30.0317,38.2531,1
eyes,1.509845,135.480629,45.3123,30.0112,38.2331,1
eyes,1.580285,132.077039,24.2333,15.3348,18.7978,1
eyes,0.937203,133.678604,115.4393,123.1742,155.6463,0
eyes,1.413319,133.095007,33.5754,23.7565,30.7777,0
eyes,1.413319,133.095007,33.5754,23.7565,30.7777,0
eyes,1.539644,130.696621,16.5193,10.7293,13.4096,0
eyes,0.912513,129.776701,137.3535,150.5222,179.4161,0
eyes,1.257874,132.176912,36.5225,29.0351,36.6105,0
eyes,1.374765,137.731583,68.4687,49.8039,63.89,0
eyes,1.385278,136.843144,60.949,43.9976,56.7343,0
eyes,1.041447,135.783214,198.2066,190.3184,216.0741,1
eyes,1.728558,143.650944,83.084,48.0655,62.2719,1
eyes,1.72898,143.656754,83.0989,48.0624,62.2694,1
eyes,1.781221,137.611209,50.3044,28.2415,35.7795,1
eyes,1.360038,149.522268,153.5177,112.8775,142.7846,1
eyes,1.030534,134.456401,220.6299,214.0928,236.5937,1
eyes,1.030534,134.456401,220.6299,214.0928,236.5937,1
eyes,1.964051,135.02254,32.1606,16.3746,21.9156,1
eyes,0.975912,131.916128,148.4222,152.0856,175.9707,0
eyes,1.660685,137.237676,49.5952,29.8643,39.8337,0
eyes,1.208608,143.852222,175.0011,144.7956,169.8389,0
eyes,1.208608,143.852222,175.0011,144.7956,169.8389,0
eyes,0.902295,133.466483,112.6824,124.8843,164.5484,0
eyes,1.138874,128.337128,5.06,4.443,4.8502,0
eyes,1.67645,130.869997,14.2658,8.5096,10.4916,0
eyes,1.67645,130.869997,14.2658,8.5096,10.4916,0
eyes,1.34046,148.213317,142.0513,105.972,136.9322,1
eyes,1.821346,143.903922,73.694,40.4613,57.4279,1
eyes,1.821939,143.905301,73.6754,40.4379,57.4034,1
eyes,1.915961,136.710779,39.8689,20.8088,28.2609,1
eyes,1.181303,141.230432,108.9718,92.2471,122.7414,0
eyes,1.021648,134.976827,201.6907,197.4171,225.7228,0
eyes,1.021648,134.976827,201.6907,197.4171,225.7228,0
eyes,1.371153,128.769151,6.5981,4.8121,5.1886,0
eyes,0.972662,134.127545,114.4634,117.6806,147.0529,0
eyes,1.503862,134.542997,39.0523,25.968,34.747,0
eyes,1.680089,158.586957,142.5902,84.8707,128.1076,0
eyes,1.680089,158.586957,142.5902,84.8707,128.1076,0
eyes,0.974099,136.078767,98.1755,100.786,138.3292,0
eyes,1.519497,135.030115,41.9821,27.6289,35.431,0
eyes,1.519932,135.031788,41.9701,27.6131,35.415,0
eyes,1.645356,131.956988,22.3095,13.5591,16.6583,0
eyes,0.879993,131.970012,72.3703,82.2396,111.5058,0
eyes,1.644782,137.461629,51.4993,31.3107,39.7016,0
eyes,1.645631,137.471645,51.5157,31.3045,39.6993,0
eyes,1.825811,133.956343,29.5956,16.2096,19.7983,0
eyes,0.988042,134.250588,110.1938,111.5274,138.8935,1
eyes,1.462589,158.029167,184.8042,126.3542,172.4583,1
eyes,1.432545,158.104167,197.4167,137.8083,184.4958,1
eyes,1.432545,158.104167,197.4167,137.8083,184.4958,1
eyes,0.962424,133.175029,68.4635,71.1365,95.0274,0
eyes,1.178899,144.367284,197.3673,167.4167,197.5494,0
eyes,1.646161,158.351515,153.9447,93.5174,131.4894,0
eyes,1.630779,131.995838,22.3303,13.693,17.2713,0
eyes,0.914203,133.082581,58.6949,64.2034,91.4245,0
eyes,1.417047,142.384668,88.6165,62.5361,84.8412,0
eyes,1.417183,142.386898,88.6146,62.5287,84.8322,0
eyes,1.624079,134.516897,34.8142,21.4362,28.6727,0
eyes,0.989096,134.590276,130.3112,131.7478,162.702,0
eyes,1.455038,136.848455,55.2181,37.9496,50.6922,0
eyes,1.597974,146.636923,102.502,64.145,86.2116,0
eyes,1.597974,146.636923,102.502,64.145,86.2116,0
eyes,1.015119,136.812563,176.7366,174.1044,212.6251,0
eyes,1.823298,139.090811,52.1227,28.587,39.8105,0
eyes,1.824089,139.093486,52.1084,28.5668,39.7903,0
eyes,1.9923,134.472164,29.3289,14.7211,19.7387,0
eyes,0.983557,134.754367,122.3993,124.4455,156.0737,0
eyes,1.217043,128.821689,9.1994,7.5588,8.4255,0
eyes,1.217043,128.821689,9.1994,7.5588,8.4255,0
eyes,1.16539,128.349286,5.456,4.6817,4.9041,0
eyes,0.895272,134.312727,80.9782,90.4509,128.4073,0
eyes,1.168665,142.074663,165.1236,141.2925,166.8311,0
eyes,1.168665,142.074663,165.1236,141.2925,166.8311,0
eyes,2.078887,134.940752,30.256,14.5539,18.5722,0
eyes,1.257295,150.989899,225.4495,179.3131,217.3333,0
eyes,1.510395,134.386282,37.1546,24.5993,33.7116,0
eyes,1.627582,143.106406,78.7589,48.3901,67.886,0
eyes,1.620141,143.106446,79.4465,49.0368,68.5521,0
eyes,0.957294,129.535869,193.7258,202.3682,224.7969,0
eyes,1.682956,143.805389,80.164,47.6328,65.7115,0
eyes,1.683214,143.806196,80.1516,47.6182,65.6942,0
eyes,1.960721,133.602064,25.4654,12.9878,17.05,0
eyes,1.685413,163.47033,176.4652,104.7015,152.3227,0
eyes,1.677917,159.710875,162.0637,96.5862,132.5942,0
eyes,1.644811,159.259048,164.3276,99.9067,136.0552,0
eyes,1.575464,163.016667,196.1125,124.4792,173.025,0
eyes,1.27688,152.206818,219.5924,171.9758,212.925,0
eyes,1.434427,133.375626,35.1505,24.5049,31.6174,0
eyes,1.607975,142.138185,77.1556,47.9831,63.0453,0
eyes,1.607975,142.138185,77.1556,47.9831,63.0453,0
eyes,2.459541,162.208876,122.601,49.8471,83.3558,0
eyes,2.282917,161.631757,126.8176,55.5507,89.0608,0
eyes,2.691114,162.98545,119.9325,44.5661,77.3175,0
eyes,1.717001,162.35809,182.9324,106.5418,137.366,0
eyes,1.451215,159.574035,203.4063,140.1628,188.2681,0
eyes,1.843359,142.72119,66.7456,36.2087,52.8462,0
eyes,1.844481,142.753189,66.858,36.2476,52.9191,0
eyes,1.962245,133.642835,25.4645,12.9772,17.0535,0
eyes,0.842897,133.611182,76.8204,91.1386,130.3946,0
eyes,1.454158,133.831499,37.5183,25.8007,33.8333,0
eyes,1.074539,138.710526,195.2847,181.738,212.4749,0
eyes,1.074539,138.710526,195.2847,181.738,212.4749,0
eyes,1.177857,143.396739,153.4043,130.2402,164.4967,0
eyes,2.448948,171.324074,162.0463,66.1698,103.2222,0
eyes,2.448704,171.324074,162.0679,66.1852,103.2377,0
eyes,2.318979,171.7875,172.5417,74.4042,110.1,0
eyes,1.109716,139.588005,160.2216,144.3807,173.4126,0
eyes,1.760914,150.111224,105.4479,59.8825,82.184,0
eyes,1.762003,150.127294,105.4331,59.8371,82.1506,0
eyes,1.899327,135.326487,33.2022,17.481,23.2583,0
eyes,0.84125,129.653234,120.2379,142.9276,180.0088,0
eyes,1.369839,131.593393,25.9651,18.9549,23.5901,0
eyes,1.370087,131.594327,25.9603,18.9479,23.5831,0
eyes,1.395603,130.604304,18.7306,13.4211,16.575,0
eyes,0.904447,133.514328,71.9119,79.5092,111.0537,0
eyes,1.401412,136.232238,53.4943,38.1717,51.2485,0
eyes,1.491006,142.730424,86.4168,57.9587,78.3365,0
eyes,1.491006,142.730424,86.4168,57.9587,78.3365,0
eyes,1.06315,138.022857,153.85,144.7114,176.9171,0
eyes,2.148633,165.649836,149.9593,69.7929,104.7541,0
eyes,2.148633,165.649836,149.9593,69.7929,104.7541,0
eyes,1.594726,136.454905,49.0802,30.7766,39.7877,0
eyes,0.915665,125.166667,211.3356,230.8,247.6233,0
eyes,1.517642,139.660221,68.2722,44.9857,58.8528,0
eyes,1.518407,139.663576,68.2195,44.9283,58.7953,0
eyes,1.724393,132.358108,22.802,13.2232,16.702,0
eyes,0.953748,135.978243,86.0045,90.1753,126.8016,0
eyes,1.538937,131.785632,22.516,14.6309,19.2658,0
eyes,1.435235,157.007273,198.2764,138.1491,176.8473,0
eyes,1.435235,157.007273,198.2764,138.1491,176.8473,0
eyes,1.109468,134.743609,138.302,124.6561,131.9977,0
eyes,1.384647,137.097736,67.8386,48.9935,58.8989,0
eyes,1.384723,137.098132,67.8278,48.9829,58.888,0
eyes,1.501463,130.533216,16.4168,10.9339,12.8733,0
eyes,0.915058,131.924803,112.7631,123.2306,155.052,0
eyes,1.347288,139.414085,84.4403,62.6743,78.955,0
eyes,1.347166,139.421494,84.5432,62.7563,79.0468,0
eyes,1.435175,133.076927,35.3577,24.6365,30.2821,0
eyes,0.938329,132.821585,127.5886,135.9743,168.236,0
eyes,1.242475,130.555453,21.8694,17.6015,22.3358,0
eyes,1.409084,134.602856,43.8629,31.1286,39.7569,0
eyes,1.409084,134.602856,43.8629,31.1286,39.7569,0
eyes,1.172014,143.986622,173.6413,148.1564,182.2032,0
eyes,1.655227,131.464217,18.9819,11.4678,14.2928,0
eyes,1.65609,131.463581,18.9624,11.4501,14.2762,0
eyes,1.659857,130.068271,11.6624,7.0261,8.3181,0
eyes,1.001663,134.587703,87.5641,87.4187,114.1153,0
eyes,1.714581,145.462153,84.7012,49.4005,70.6603,0
eyes,1.71485,145.463688,84.6895,49.386,70.6442,0
eyes,1.814495,133.337989,25.855,14.2492,18.9182,0
eyes,0.86636,130.968478,117.0416,135.0958,171.934,0
eyes,1.484305,134.473851,37.8366,25.4911,34.8111,0
eyes,1.430778,141.622486,85.9437,60.0678,79.0107,0
eyes,1.4251,141.622755,86.8638,60.9528,79.9266,0
eyes,1.176504,141.608753,168.5232,143.2407,165.7593,0
eyes,1.0,128.0,4.0,4.0,4.0,0
eyes,1.0,128.0,3.9691,3.9691,3.9691,0
eyes,1.0,128.0,4.0,4.0,4.0,0
eyes,0.955488,134.116702,92.7879,97.1106,128.4364,0
eyes,1.475041,158.46875,170.5747,115.6406,168.9375,0
eyes,1.457429,158.15625,172.7812,118.5521,171.9358,0
eyes,1.944841,135.157859,32.5889,16.7566,22.2758,0
eyes,1.054869,137.297412,130.9233,124.1134,154.6711,0
eyes,1.484938,144.46295,101.6736,68.4699,88.5359,0
eyes,1.486626,144.507546,101.7662,68.4545,88.5523,0
eyes,1.975693,133.598342,25.1185,12.7137,16.9765,0
eyes,1.055443,135.488272,180.413,170.9358,191.9037,0
eyes,1.654039,140.248181,62.1401,37.5687,53.2011,0
eyes,1.687238,147.896068,99.2212,58.8069,83.0362,0
eyes,1.683399,147.896983,99.6112,59.1727,83.3943,0
eyes,0.985299,135.976802,122.8801,124.7135,161.5918,0
eyes,1.751377,150.203502,106.4703,60.7924,87.2375,0
eyes,1.751851,150.205194,106.4403,60.7588,87.2004,0
eyes,2.009575,133.758451,25.6309,12.7544,16.7372,0
eyes,0.945925,131.075359,147.8313,156.2823,184.5311,0
eyes,1.642732,144.937461,88.749,54.0253,73.724,0
eyes,1.642732,144.937461,88.749,54.0253,73.724,0
eyes,1.850977,132.936365,24.0947,13.0173,16.3889,0
eyes,1.724865,160.995325,166.9224,96.7742,131.2492,0
eyes,1.268178,132.419073,37.8038,29.8095,37.7624,0
eyes,1.497296,137.744337,59.8553,39.9756,51.8574,0
eyes,1.497296,137.744337,59.8553,39.9756,51.8574,0
eyes,0.984291,133.921368,80.2664,81.5474,107.2793,0
eyes,1.414576,153.054299,180.8311,127.8341,155.7979,0
eyes,1.4258,153.394309,179.8266,126.1233,154.3672,0
eyes,1.617978,131.232923,17.6881,10.9322,13.9232,0
eyes,1.027483,135.884829,100.8088,98.1124,127.6099,0
eyes,1.47192,141.683221,84.4737,57.3902,75.4341,0
eyes,1.472276,141.687295,84.4643,57.3699,75.4136,0
eyes,1.730515,131.594704,18.5449,10.7164,13.3272,0
eyes,0.92822,134.54145,62.6251,67.4679,98.3741,0
eyes,1.431728,132.615464,30.9863,21.6426,27.7453,0
eyes,1.764958,141.523455,65.8248,37.2954,51.0621,0
eyes,1.764958,141.523455,65.8248,37.2954,51.0621,0
eyes,0.988744,134.533261,125.627,127.0571,158.5322,1
eyes,1.627433,139.696816,63.1308,38.7917,51.2501,1
eyes,1.627976,139.699868,63.1137,38.7682,51.2261,1
eyes,1.663805,130.873283,15.9696,9.5982,11.8014,1
eyes,0.847394,131.447827,108.9947,128.6235,168.2524,0
eyes,1.47633,144.273792,96.3547,65.2663,87.2754,0
eyes,1.47633,144.273792,96.3547,65.2663,87.2754,0
eyes,1.65691,132.628932,24.9109,15.0345,18.8824,0
eyes,1.428537,160.951852,211.0531,147.7407,204.7617,0
eyes,1.481204,133.973181,35.4245,23.916,32.136,0
eyes,1.481204,133.973181,35.4245,23.916,32.136,0
eyes,1.480413,129.629431,10.5785,7.1457,8.577,0
eyes,0.943789,130.99654,185.4905,196.5381,228.8466,0
eyes,1.398219,132.318457,29.1362,20.8381,27.18,0
eyes,1.577043,139.016222,60.5574,38.3993,51.493,0
eyes,1.577043,139.016222,60.5574,38.3993,51.493,0
eyes,0.955181,133.708767,59.5303,62.3236,87.4526,1
eyes,1.44514,156.020979,195.4476,135.2448,167.6678,1
eyes,1.582787,147.925059,108.2936,68.4195,94.6364,1
eyes,1.760077,132.928335,24.7608,14.068,18.8077,1
eyes,0.896695,131.480363,118.0108,131.6063,166.1486,0
eyes,1.547876,141.041002,72.5072,46.843,63.2464,0
eyes,1.54833,141.043701,72.4787,46.8109,63.2151,0
eyes,1.565916,132.335016,25.3722,16.2028,20.0613,0
eyes,1.149514,141.367762,153.4672,133.5061,161.6029,1
eyes,1.201845,135.402509,81.1948,67.5585,80.4915,1
eyes,1.514593,152.610909,143.7927,94.9382,124.4509,1
eyes,1.529959,153.378261,145.9913,95.4217,125.713,1
eyes,1.146149,141.77895,166.7948,145.5263,176.21,1
eyes,1.751313,147.639676,95.3033,54.4182,77.635,1
eyes,1.751486,147.640415,95.2937,54.4073,77.6223,1
eyes,1.955351,137.447384,42.6617,21.8179,30.6811,1
eyes,1.103862,141.397504,175.4777,158.967,196.6453,0
eyes,1.621075,139.351663,56.9313,35.1195,50.3129,0
eyes,1.621075,139.351663,56.9313,35.1195,50.3129,0
eyes,1.742549,131.215464,16.1364,9.2602,11.9297,0
eyes,0.937384,133.363295,99.4353,106.0774,138.3602,1
eyes,1.5268,134.430472,38.0676,24.9329,32.8285,1
eyes,1.647575,144.464231,87.0656,52.8447,71.0978,1
eyes,1.64151,144.463982,87.6769,53.4123,71.6761,1
eyes,0.878563,133.403525,63.7637,72.5772,103.7239,0
eyes,1.655726,139.304059,59.3319,35.8344,48.0047,0
eyes,1.655973,139.306627,59.3377,35.8325,48.0002,0
eyes,1.629565,131.123244,17.6995,10.8615,13.4142,0
eyes,0.980556,134.22633,100.7712,102.7694,131.8503,1
eyes,1.723286,150.009512,103.6384,60.14,88.4086,1
eyes,1.724763,150.033089,103.6285,60.0828,88.3761,1
eyes,1.915513,132.588258,20.8462,10.8828,14.2681,1
eyes,0.882615,135.381432,81.7156,92.5836,135.5538,1
eyes,1.555203,146.054049,101.6031,65.3311,87.6282,1
eyes,1.555638,146.061018,101.6074,65.3156,87.6023,1
eyes,1.555638,146.061018,101.6074,65.3156,87.6023,1
eyes,1.171325,141.895833,163.6484,139.7122,165.8963,1
eyes,1.52626,136.490136,48.5812,31.8302,43.121,1
eyes,1.579544,142.799105,78.0172,49.3922,68.8466,1
eyes,1.579544,142.799105,78.0172,49.3922,68.8466,1
eyes,0.940789,133.102483,84.2228,89.5236,117.6785,0
eyes,1.654719,147.325005,98.3261,59.4216,83.0257,0
eyes,1.654573,147.324482,98.3399,59.4353,83.0376,0
eyes,1.683859,131.877279,20.5841,12.2243,15.6198,0
eyes,1.346716,149.743644,152.7737,113.4417,148.3049,1
eyes,1.409829,139.272437,76.031,53.9292,70.7329,1
eyes,1.535871,145.503365,101.5914,66.1458,88.8612,1
eyes,1.525159,146.539026,109.2303,71.6189,95.7339,1
eyes,0.959305,133.324884,120.3278,125.4322,155.3605,0
eyes,1.135651,128.834468,12.0484,10.6093,12.3324,0
eyes,1.241282,146.838629,172.9565,139.337,173.189,0
eyes,1.759959,158.45694,133.5714,75.8946,116.5856,0
eyes,1.427959,146.006212,126.128,88.3274,101.4837,0
eyes,1.29592,138.714324,92.9603,71.7331,86.1391,0
eyes,1.296073,138.715508,92.934,71.7043,86.1077,0
eyes,1.39528,132.160539,31.7402,22.7483,26.8703,0
eyes,1.002556,134.788955,145.9118,145.5398,176.7406,0
eyes,1.543191,144.777812,93.8729,60.8304,82.2037,0
eyes,1.637139,151.002976,104.2133,63.6558,94.1716,0
eyes,1.770736,133.366769,26.641,15.0452,19.6337,0
eyes,1.010514,133.650696,121.5922,120.3271,144.1224,0
eyes,1.465967,156.082031,173.2483,118.1802,158.8265,0
eyes,1.347269,150.751613,161.306,119.7281,156.7378,0
eyes,1.433464,156.156682,185.259,129.2387,170.0548,0
eyes,1.014349,134.496113,126.1549,124.3703,150.8236,1
eyes,1.480497,140.807996,79.4041,53.6334,68.4393,1
eyes,1.480497,140.807996,79.4041,53.6334,68.4393,1
eyes,1.555822,133.058196,30.2923,19.4703,23.9955,1
eyes,0.941946,132.952136,69.4732,73.755,99.5727,1
eyes,1.318682,133.960221,45.2487,34.3136,44.1327,1
eyes,1.306295,141.360989,102.6966,78.6167,100.7347,1
eyes,1.306295,141.360989,102.6966,78.6167,100.7347,1
eyes,1.380474,146.32758,147.7756,107.047,117.6122,1
eyes,1.400004,128.983974,7.9024,5.6445,6.2785,1
eyes,1.971317,136.602807,42.1362,21.3747,23.7922,1
eyes,1.971317,136.602807,42.1362,21.3747,23.7922,1
eyes,1.126943,138.941026,115.2718,102.2872,129.7641,0
eyes,1.0,128.0,3.998,3.998,3.998,0
eyes,1.0,128.0,3.998,3.998,3.998,0
eyes,1.0,128.0,3.998,3.998,3.998,0
eyes,1.0,128.0,3.998,3.998,3.998,0
eyes,1.0,128.0,3.998,3.998,3.998,0
eyes,0.980279,133.809213,82.8741,84.5413,110.4239,1
eyes,1.363844,143.35001,104.135,76.3541,101.2994,1
eyes,1.364068,143.352929,104.1088,76.3223,101.2665,1
eyes,1.398919,129.804289,12.0974,8.6477,11.0359,1
eyes,0.946549,135.082818,67.5464,71.3607,102.7968,0
eyes,1.434482,131.300289,21.6171,15.0696,19.7193,0
eyes,1.820411,140.202235,57.6645,31.6766,44.5305,0
eyes,2.035539,135.119053,31.2161,15.3356,20.7343,0
eyes,0.945619,128.641598,201.5377,213.1278,233.988,0
eyes,1.376724,139.625416,85.7277,62.2693,77.3503,0
eyes,1.409588,143.314383,106.8898,75.8306,95.117,0
eyes,1.573977,131.145408,18.6564,11.853,14.8727,0
eyes,0.996229,134.649962,137.5825,138.1033,168.6735,1
eyes,2.105955,157.815385,109.2667,51.8846,85.5795,1
eyes,1.211191,143.386957,163.9478,135.3609,160.3522,1
eyes,1.67495,135.502396,39.6854,23.6935,31.4638,1
eyes,0.908221,131.227111,141.8903,156.2289,190.5324,0
eyes,1.295837,132.435783,35.3337,27.2671,34.5313,0
eyes,1.263569,138.251286,88.4667,70.0134,85.8412,0
eyes,1.520331,131.318589,20.5316,13.5047,16.6812,0
eyes,0.988575,131.370714,221.3338,223.8918,245.9004,0
eyes,1.576532,133.477416,31.9461,20.2635,26.3577,0
eyes,1.836631,143.579108,74.9466,40.8066,55.8656,0
eyes,1.836631,143.579108,74.9466,40.8066,55.8656,0
eyes,1.110045,136.143813,119.3253,107.4958,124.7266,0
eyes,1.314524,150.628086,163.784,124.5957,165.2261,0
eyes,1.304348,150.391304,166.0213,127.283,167.9565,0
eyes,1.75405,132.022946,20.6749,11.787,14.5291,0
eyes,0.975378,135.178642,92.9923,95.3397,127.9918,0
eyes,1.622242,137.080399,46.801,28.8496,40.9093,0
eyes,1.54901,145.813679,98.0949,63.3274,86.5783,0
eyes,1.524089,145.80604,101.4918,66.5918,89.9635,0
eyes,0.882293,134.045512,91.4725,103.6759,144.0632,0
eyes,1.468555,131.604162,22.1961,15.1142,20.1372,0
eyes,1.7702,140.442273,60.0889,33.9447,47.237,0
eyes,1.761325,140.443168,60.5488,34.3768,47.6691,0
eyes,1.130274,137.088745,85.9351,76.0303,98.2208,0
eyes,1.667022,134.494479,32.0046,19.1986,27.3502,0
eyes,1.668652,138.356343,51.1836,30.6736,43.4,0
eyes,1.880211,132.907179,22.7708,12.1107,16.0996,0
eyes,0.947857,135.067725,129.9757,137.1259,177.6131,0
eyes,1.766487,141.851296,65.6616,37.1707,53.7359,0
eyes,1.766487,141.851296,65.6616,37.1707,53.7359,0
eyes,1.951502,133.553692,24.9181,12.7687,17.2558,0
eyes,1.778944,155.929114,108.9859,61.2644,104.4966,0
eyes,1.541052,135.686057,43.5554,28.2634,38.7231,0
eyes,1.499254,155.074691,147.7228,98.5309,140.9531,0
eyes,1.495759,155.017143,147.2521,98.4464,141.1821,0
eyes,1.179533,145.692189,218.9991,185.666,218.2517,0
eyes,1.618237,135.766994,42.262,26.1161,35.63,0
eyes,1.694574,143.909972,81.4051,48.0387,65.9694,0
eyes,1.687615,143.910588,82.0098,48.5951,66.535,0
eyes,0.931032,133.426502,90.4697,97.1713,128.1671,1
eyes,1.389363,138.427685,72.9248,52.4879,66.5857,1
eyes,1.456676,142.965038,95.9215,65.8496,84.5687,1
eyes,1.719074,133.25067,27.3699,15.9213,20.5715,1
eyes,0.944575,132.68554,88.923,94.1408,120.1936,0
eyes,1.454478,131.571049,22.9059,15.7486,20.1841,0
eyes,1.554693,143.681734,88.6464,57.0186,74.9477,0
eyes,1.554331,143.685529,88.7261,57.0832,75.012,0
eyes,0.944373,134.054727,73.2025,77.5144,107.0545,0
eyes,1.39193,136.136282,55.9406,40.1892,51.9628,0
eyes,1.110282,139.570415,175.383,157.9625,185.2188,0
eyes,1.420384,141.187573,86.2256,60.7058,78.8436,0
eyes,1.514988,158.287798,182.4136,120.406,158.7392,1
eyes,1.529206,158.494963,180.7845,118.2211,156.351,1
eyes,1.540038,158.644009,180.2338,117.032,154.5815,1
eyes,1.905338,134.301208,29.9562,15.7223,20.442,1
eyes,1.934737,163.412596,114.7949,59.3336,80.8715,1
eyes,1.730956,157.985482,107.8969,62.3337,84.7695,1
eyes,1.650824,161.265966,104.6691,63.4041,86.9268,0
eyes,1.418712,153.175802,97.5299,68.7454,88.7247,0
eyes,1.644256,160.135552,103.2283,62.7811,88.9906,1
eyes,1.438496,150.814266,98.6485,68.5775,87.774,1
eyes,1.398325,149.697313,95.8503,68.5465,90.6032,0
eyes,1.410488,154.37209,96.7756,68.6115,89.6129,0
eyes,1.722023,164.855682,109.1565,63.3885,82.455,1
eyes,1.834153,165.393227,110.1972,60.0807,84.722,1
eyes,1.771325,163.893136,109.7261,61.9458,83.3281,0
eyes,1.512418,148.120674,103.3786,68.3532,83.2681,0
eyes,1.897801,164.738292,111.599,58.8044,84.5967,1
eyes,1.447522,151.913114,95.8616,66.2246,92.9138,0
eyes,1.355412,152.355063,95.0427,70.1209,89.8363,0
eyes,1.461201,151.509482,98.9177,67.6962,88.3861,0
eyes,1.603877,156.289456,105.2632,65.6305,84.1063,0
eyes,1.344542,150.279295,94.5834,70.3462,90.0704,1
eyes,1.543238,153.90414,102.2467,66.2547,86.4987,0
eyes,1.449142,154.143444,96.1836,66.3728,92.4436,0
eyes,1.457177,156.04486,97.7733,67.0978,90.1289,0
eyes,1.832876,160.303487,110.0394,60.0364,84.9242,0
eyes,1.248996,143.465647,90.4567,72.4235,92.1199,0
eyes,1.954468,164.649567,112.0787,57.3449,85.5764,0
eyes,1.635761,160.822288,102.8858,62.8978,89.2163,0
eyes,1.700095,161.351708,106.0497,62.3787,86.5717,0
eyes,1.455394,155.659914,97.8668,67.2442,89.8891,0
eyes,1.63864,158.681376,105.4334,64.342,85.2246,0
eyes,1.601162,159.071489,103.5178,64.6517,86.8305,0
eyes,1.860554,164.586204,110.0441,59.1459,85.8101,0
eyes,1.747015,163.697309,107.4404,61.4994,86.0602,0
eyes,1.784163,163.796467,108.5432,60.8371,85.6197,0
eyes,1.845952,160.258591,110.9947,60.1287,83.8766,0
eyes,1.320515,145.799329,93.6806,70.9425,90.3769,0
eyes,1.560067,157.092148,100.4444,64.3847,90.1709,0
eyes,1.504179,158.028272,100.7225,66.9618,87.3157,0
eyes,1.541652,155.590439,101.5235,65.8538,87.6227,0
eyes,1.737156,162.335649,108.173,62.2701,84.5569,0
eyes,1.401006,152.455107,98.961,70.6357,85.4033,0
eyes,1.33864,150.247274,94.7687,70.7948,89.4365,0
eyes,1.348462,149.065327,94.838,70.3305,89.8315,0
eyes,1.404798,147.782215,96.7924,68.9013,89.3063,0
eyes,1.735076,161.975064,105.268,60.6706,89.0614,0
eyes,1.481516,153.735299,98.1618,66.2577,90.5805,0
eyes,1.193046,142.177964,89.3424,74.8859,90.7717,0
eyes,1.770503,163.439794,107.8569,60.9188,86.2243,0
eyes,1.347202,150.70862,95.2212,70.6807,89.098,0
eyes,1.703979,160.979691,104.6291,61.4028,88.9681,0
eyes,1.664935,162.002396,102.9818,61.8533,90.1649,0
eyes,1.689735,161.309612,104.5433,61.8696,88.5871,0
eyes,1.478453,154.871055,99.9626,67.6129,87.4245,0
eyes,1.29924,150.298359,92.3879,71.1092,91.5029,0
eyes,1.588738,157.601157,102.8275,64.7227,87.4498,0
eyes,1.697473,161.510018,106.9314,62.9944,85.0742,0
eyes,1.621436,158.803722,104.3814,64.3759,86.2428,1
eyes,1.454736,154.126349,97.5368,67.0478,90.4154,0
eyes,1.410526,149.608236,96.0821,68.1179,90.8,0
eyes,1.531441,156.712361,101.0966,66.014,87.8894,0
eyes,1.519916,157.974492,99.4063,65.4025,90.1913,1
eyes,1.603604,158.824081,103.5201,64.5547,86.9252,0
eyes,1.218604,145.672778,90.7591,74.4779,89.763,1
eyes,1.731862,163.168568,105.668,61.0141,88.3179,1
eyes,1.586002,157.604192,101.1582,63.7819,90.0598,0
eyes,1.562419,159.254358,102.7723,65.7777,86.45,1
eyes,1.70325,159.048763,107.0469,62.8486,85.1045,0
eyes,1.571321,158.569766,99.3007,63.1957,92.5035,1
eyes,1.592685,158.708106,102.0579,64.0791,88.863,1
eyes,1.611125,157.765194,102.4339,63.5791,88.987,1
eyes,1.723287,161.830434,105.057,60.9632,88.9798,0
eyes,1.411976,156.280699,96.4429,68.3035,90.2537,1
eyes,1.387611,151.304345,96.7287,69.7088,88.5626,0
eyes,1.304673,148.435051,95.0454,72.85,87.1046,0
eyes,1.56087,156.538538,100.7997,64.5792,89.6211,0
eyes,1.486082,155.954269,99.8042,67.1593,88.0365,0
eyes,1.50137,154.25662,101.0023,67.2734,86.7244,1
eyes,1.291599,149.609782,92.2131,71.3945,91.3923,1
eyes,2.028818,161.30957,123.9489,61.0942,69.9569,1
eyes,1.253765,144.887455,92.112,73.4684,89.4196,0
eyes,1.328708,151.015548,93.4807,70.3545,91.1648,1
eyes,1.712987,160.863777,106.8683,62.3871,85.7446,0
eyes,1.380517,152.813909,96.8082,70.1246,88.0671,0
eyes,1.580044,159.012982,102.0457,64.5841,88.3702,1
eyes,1.203404,144.128379,89.7006,74.5391,90.7604,0
eyes,1.959735,165.825947,114.7775,58.5678,81.6547,0
eyes,1.584251,158.02836,103.2809,65.1922,86.5269,0
eyes,1.552559,157.405066,100.3801,64.6546,89.9653,0
eyes,1.734168,160.259751,107.0228,61.7142,86.263,0
eyes,1.674269,156.800241,104.0701,62.1585,88.7714,0
eyes,1.799418,162.859982,107.149,59.5465,88.3045,0
eyes,1.709077,162.725518,106.2459,62.1657,86.5884,0
eyes,1.697988,163.591044,106.412,62.6694,85.9186,0
eyes,1.406148,152.835947,97.1219,69.0695,88.8087,1
eyes,1.537833,154.681252,101.6958,66.1293,87.1749,0
eyes,1.423851,153.905746,97.3938,68.4017,89.2046,0
eyes,1.758916,162.893741,109.4887,62.2479,83.2634,1
tongue,1.398086,144.457428,144.2882,103.2041,101.8666,1
tongue,1.313641,141.838365,151.4046,115.2556,112.3328,1
tongue,1.340663,143.235464,155.9041,116.2888,113.1385,1
tongue,1.322611,141.89581,146.6656,110.891,108.2011,1
tongue,1.399655,145.187443,153.6624,109.786,107.1912,0
tongue,1.43763,147.324057,156.995,109.204,110.3455,0
tongue,1.374014,143.261602,139.5421,101.558,100.4212,1
tongue,1.372089,143.645707,143.5535,104.624,104.0338,1
tongue,1.397966,144.040972,140.5786,100.5594,98.9673,1
tongue,1.396821,143.748601,139.3262,99.7451,97.4964,1
tongue,1.36129,143.99799,152.0991,111.7317,111.2009,1
tongue,1.369797,143.90571,156.3622,114.1499,108.2962,1
tongue,1.350835,142.850015,145.1164,107.4272,105.7291,1
tongue,1.38024,145.183191,159.2809,115.4008,114.0749,0
tongue,1.41793,145.25548,149.1364,105.179,102.2635,0
tongue,1.441467,146.199139,149.2494,103.54,101.6227,0
tongue,1.393137,144.737652,146.5183,105.1715,105.6646,1
tongue,1.362274,142.735085,139.7667,102.5981,100.4075,1
tongue,1.386042,145.349915,158.3592,114.2528,113.1795,0
tongue,1.380174,144.011461,143.7408,104.1469,103.8865,1
tongue,1.344737,142.964032,152.4061,113.3352,109.4942,1
tongue,1.360987,142.418026,136.5915,100.362,98.2939,1
tongue,1.413574,146.434007,154.8699,109.5591,111.6301,0
tongue,1.320419,141.223611,146.2161,110.7346,104.731,1
tongue,1.366556,143.43639,148.2494,108.4839,105.1311,1
tongue,1.361793,143.258952,140.8524,103.4316,103.8673,1
tongue,1.369825,144.846808,155.0715,113.2053,114.4917,1
tongue,1.337595,142.457442,152.1725,113.7658,108.5658,1
tongue,1.341185,142.854684,150.5755,112.2705,109.7751,1
tongue,1.347339,142.857305,149.1647,110.7106,107.1385,1
tongue,1.365254,143.846499,149.0523,109.1755,108.4109,1
tongue,1.421641,145.392631,148.7823,104.6554,101.8871,0
tongue,1.451872,146.142029,142.8689,98.4032,98.2441,0
tongue,1.316686,141.612386,147.7798,112.2362,108.9961,1
tongue,1.366364,143.584291,151.1299,110.6074,106.6827,1
tongue,1.35163,142.860917,147.9305,109.446,106.154,1
tongue,1.358509,143.125347,144.3724,106.2727,104.8906,1
tongue,1.397564,144.379984,147.6059,105.6165,102.0295,1
tongue,1.394469,143.901418,137.0041,98.2482,98.704,1
tongue,1.375289,142.833818,134.2853,97.6415,96.6728,1
tongue,1.37981,144.423627,149.0148,107.9966,107.7043,1
tongue,1.340747,142.691961,146.4606,109.2381,107.4294,1
tongue,1.409689,145.722942,155.1297,110.0453,107.7264,0
tongue,1.388695,145.165406,153.4197,110.4776,110.4763,0
tongue,1.357601,143.090031,142.904,105.2622,104.4163,1
tongue,1.345351,142.792208,147.9897,110.0008,107.3588,1
tongue,1.330937,142.152299,140.1865,105.3292,106.1754,1
tongue,1.402465,145.007197,147.0243,104.8327,104.5393,0
tongue,1.41772,145.215154,142.8925,100.7904,101.0868,0
tongue,1.396003,145.4672,152.4356,109.1944,110.0108,0
tongue,1.342527,142.24163,137.7473,102.603,102.8808,1
tongue,1.39431,144.904887,144.7449,103.8111,106.0919,1
tongue,1.350303,142.720664,145.7082,107.9078,104.8515,1
tongue,1.40567,144.723233,145.6373,103.607,101.9215,1
tongue,1.327788,143.070469,158.3337,119.2462,117.2604,1
tongue,1.318774,140.942449,142.9439,108.3915,102.7761,1
tongue,1.422572,145.251106,144.0525,101.262,100.7337,0
tongue,1.352635,143.200958,149.7115,110.6814,108.0913,1
tongue,1.365533,144.784006,159.7685,117.0009,116.2725,1
tongue,1.351121,142.975302,142.8968,105.7616,106.0489,1
tongue,1.428501,145.132869,140.3181,98.2275,97.6321,0
tongue,1.355763,144.150915,159.4379,117.6002,115.085,1
tongue,1.334725,141.991364,148.359,111.1533,105.8602,1
tongue,1.343937,143.291703,149.9023,111.5397,111.8863,1
tongue,1.356111,143.755405,151.4308,111.6655,111.3135,1
tongue,1.402498,145.998396,158.8054,113.2304,112.5553,0
tongue,1.376504,144.00126,147.5238,107.1728,105.6517,1
tongue,1.37659,145.370602,164.6112,119.579,116.9969,0
tongue,1.399986,144.610097,140.6355,100.4549,102.4503,1
tongue,1.354529,144.667552,160.5517,118.5296,119.1644,1
tongue,1.412014,145.020795,146.3345,103.6353,101.952,0
tongue,1.387698,145.213453,156.8894,113.0574,111.5521,0
tongue,1.427134,146.023409,150.8903,105.7296,104.2752,0
tongue,1.384184,144.487294,148.3769,107.1945,106.73,1
tongue,1.412992,145.288206,148.4132,105.0347,103.6516,0
tongue,1.493845,146.500859,136.3344,91.2641,90.3351,0
tongue,1.334064,142.207042,145.2337,108.8656,106.5497,1
tongue,1.350687,143.460541,153.6757,113.7759,111.2079,1
tongue,1.365587,143.763272,149.6949,109.6195,107.8274,1
tongue,1.397147,145.062599,150.364,107.6221,106.7485,0
tongue,1.342662,143.368471,153.1285,114.0485,113.0124,1
tongue,1.353861,142.875238,145.1699,107.2266,104.8789,1
tongue,1.353529,143.196057,147.6181,109.0616,107.473,1
tongue,1.425528,145.663268,147.9611,103.7939,102.4648,0
tongue,1.346421,143.354639,155.3626,115.3893,112.33,1
tongue,1.374725,143.472302,145.6587,105.9547,102.7261,1
tongue,1.311863,140.745913,138.2031,105.3487,102.4244,1
tongue,1.406415,145.215043,145.9578,103.78,104.7284,0
tongue,1.347794,142.798452,147.2286,109.2368,106.6496,1
tongue,1.459218,147.314428,154.8237,106.1004,103.9638,0
tongue,1.403658,144.931122,145.606,103.7332,103.5399,1
tongue,1.328857,141.32746,142.6294,107.3324,102.1497,1
tongue,1.344933,144.08396,156.2246,116.1579,117.4401,1
tongue,1.335752,142.846142,152.4802,114.153,111.9141,1
tongue,1.320628,141.394382,140.9767,106.7497,104.4339,1
tongue,1.336039,143.020281,152.3792,114.0529,113.1495,1
tongue,1.33115,141.979533,139.5443,104.8298,105.0731,1
tongue,1.398572,145.08413,148.9175,106.4782,106.6412,0
tongue,1.369843,143.142677,141.9293,103.6098,101.6561,1
tongue,1.421018,146.070772,148.1409,104.2499,105.9622,0
tongue,1.353814,142.45801,142.1911,105.03,101.6661,1
tongue,1.404235,145.985012,153.3989,109.2402,111.4206,0
tongue,1.366539,142.909974,138.1226,101.0748,100.1093,1
tongue,1.389731,144.514927,146.7706,105.6108,105.2923,1
tongue,1.379839,143.809164,145.6042,105.5226,103.3287,1
tongue,1.337324,142.659156,149.5033,111.7929,109.5818,1
tongue,1.414542,145.454709,148.533,105.0043,104.5697,0
tongue,1.382392,143.655874,140.4148,101.5738,101.1806,1
tongue,1.36753,144.415835,155.3896,113.6279,112.2123,1
tongue,1.352132,143.435886,154.7712,114.4645,110.63,1
tongue,1.339348,142.838943,147.3647,110.0272,109.2205,1
tongue,1.409505,144.255983,137.5689,97.6009,97.4569,1
tongue,1.329019,142.299476,148.6868,111.8771,109.5725,1
tongue,1.341316,142.583018,145.2501,108.2892,106.9082,1
tongue,1.400803,145.653997,154.1247,110.026,110.1048,0
tongue,1.429441,145.549247,147.07,102.8864,100.7359,0
tongue,1.378458,143.552564,137.8055,99.9708,101.1934,1
tongue,1.298344,140.792664,140.1534,107.9478,107.3783,1
tongue,1.325571,141.956956,145.0642,109.4352,107.708,1
tongue,1.413091,145.200545,147.7584,104.564,102.9267,0
tongue,1.349439,143.462516,153.2633,113.5756,111.3546,1
tongue,1.359235,142.58874,147.1923,108.2905,101.6297,1
tongue,1.36492,142.612927,139.7241,102.3679,98.7194,1
tongue,1.36118,142.708193,138.9488,102.0796,100.8109,1
tongue,1.353483,144.004442,157.0422,116.0282,114.5545,1
tongue,1.386738,144.289815,148.7738,107.2833,104.8717,1
tongue,1.344973,141.852965,138.4505,102.9393,99.5673,1
tongue,1.297514,140.909347,150.9558,116.3423,111.4253,1
tongue,1.377551,143.473079,144.3385,104.779,101.5912,1
tongue,1.294207,140.35472,151.5182,117.0742,109.1383,1
tongue,1.403477,144.238566,145.5877,103.7336,99.0729,1
tongue,1.330772,142.112374,147.8347,111.0894,107.7239,1
tongue,1.390741,143.988899,143.4381,103.1379,101.0632,1
tongue,1.365515,142.27026,131.5756,96.356,95.7064,1
tongue,1.378983,143.57236,140.0714,101.5759,101.0959,1
tongue,1.343554,143.051805,147.0402,109.4412,109.8388,1
tongue,1.356116,142.737367,142.1685,104.8351,102.8074,1
tongue,1.285897,139.748873,146.2616,113.7428,106.4713,1
tongue,1.339955,142.313906,144.1789,107.5998,105.3889,1
tongue,1.343151,143.02085,154.3608,114.9244,111.114,1
tongue,1.343912,142.845131,150.6856,112.1247,108.9699,1
tongue,1.295961,139.817153,139.701,107.7972,101.7914,1
tongue,1.329214,142.144548,149.7885,112.6895,108.6701,1
tongue,1.351572,143.052682,140.1691,103.7082,105.8056,1
tongue,1.351379,142.400635,140.9386,104.2924,101.765,1
tongue,1.334879,143.230851,158.1891,118.5045,115.8548,1
tongue,1.343675,142.809968,151.7401,112.9291,108.8725,1
tongue,1.284155,139.92649,149.9154,116.7424,109.3042,1
tongue,1.392962,143.740678,138.8805,99.7016,98.438,1
tongue,1.352525,141.680937,133.622,98.7945,95.4988,1
tongue,1.371897,142.820384,139.0163,101.3315,98.2227,1
tongue,1.37955,142.710757,137.6576,99.7844,95.3769,1
tongue,1.353646,142.972636,147.3976,108.8893,106.1469,1
tongue,1.429627,146.645569,155.7755,108.9623,108.307,0
tongue,1.325757,141.640206,147.2189,111.0452,106.0644,1
tongue,1.35458,143.484437,150.7759,111.3083,109.4268,1
tongue,1.354461,143.25445,150.9283,111.4305,108.0695,1
tongue,1.368757,143.431848,143.774,105.0398,104.0045,1
tongue,1.378602,144.060568,147.0149,106.6405,105.2184,1
tongue,1.38925,142.401674,125.4439,90.2961,89.1586,1
tongue,1.388683,144.185269,143.3343,103.216,103.2219,1
tongue,1.359161,143.67621,152.5642,112.2488,109.7825,1
tongue,1.413387,145.135072,144.3531,102.1328,102.3086,0
tongue,1.335902,142.162544,146.5907,109.7316,105.9271,1
tongue,1.428981,145.992761,149.6192,104.7034,103.934,0
tongue,1.397133,144.013225,144.0971,103.1377,99.4771,1
tongue,1.331251,142.793514,145.1532,109.0352,111.2846,1
tongue,1.392638,144.247335,144.6487,103.8667,102.0839,1
tongue,1.342781,142.333787,144.4544,107.5785,104.4617,1
tongue,1.352624,142.989286,145.235,107.3727,106.0457,1
tongue,1.337159,141.95651,144.6057,108.144,103.8117,1
tongue,1.323323,141.415257,146.7112,110.8657,105.0097,1
tongue,1.368229,141.913507,128.654,94.0296,91.5738,1
tongue,1.435379,145.549455,145.9291,101.6658,98.603,0
tongue,1.337056,142.551414,148.7847,111.2778,108.6637,1
tongue,1.392323,143.788931,136.7676,98.2298,98.5029,1
tongue,1.381299,143.604119,142.4337,103.1157,101.0701,1
tongue,1.32894,141.005277,133.0299,100.1023,97.9136,1
tongue,1.343918,142.693136,149.1879,111.0097,107.5682,1
tongue,1.384384,143.022345,133.3112,96.2964,95.2592,1
tongue,1.376381,142.31261,139.3754,101.2622,93.2308,1
tongue,1.338927,141.356422,134.8025,100.6795,97.3381,1
tongue,1.309238,140.508661,135.7153,103.6598,100.7164,1
tongue,1.370133,141.65215,133.3467,97.3238,90.2574,1
tongue,1.393787,144.144383,144.4742,103.6559,101.349,1
tongue,1.209256,134.666332,132.542,109.6063,93.7999,1
tongue,1.376604,143.49654,146.473,106.4017,102.1689,1
tongue,1.374384,143.224859,141.1106,102.6719,100.2272,1
tongue,1.363278,143.314624,147.7851,108.4042,105.2683,1
tongue,1.348635,142.210542,142.787,105.8752,101.7231,1
tongue,1.3688,143.758156,153.3105,112.0036,107.3742,1
tongue,1.306455,140.092944,134.7557,103.1461,98.6396,1
tongue,1.387644,142.992418,133.9522,96.5321,94.144,1
tongue,1.379726,143.224997,143.7746,104.2052,99.4292,1
tongue,1.347371,142.055648,143.1504,106.2442,100.897,1
tongue,1.410874,144.347562,139.2322,98.6851,97.4372,1
tongue,1.321523,142.083843,153.2188,115.9411,111.6028,1
tongue,1.351982,142.913254,148.0776,109.5263,103.587,1
tongue,1.157126,132.283873,116.6484,100.8087,87.2403,1
tongue,1.373825,142.370814,134.3775,97.8127,94.1933,1
tongue,1.305888,140.992771,144.2138,110.4335,107.1298,1
tongue,1.330633,141.344989,135.2611,101.6517,100.0537,1
tongue,1.350659,142.938953,149.2194,110.4789,106.9015,1
tongue,1.415953,144.007115,133.2531,94.1084,93.4117,1
tongue,1.380676,143.728865,144.8996,104.9483,102.0326,1
tongue,1.188882,133.515448,119.0209,100.1116,86.4405,1
tongue,1.340181,141.047668,137.6649,102.7211,95.2971,1
tongue,1.389805,143.547098,139.1352,100.1113,98.1374,1
tongue,1.380677,143.413442,140.6716,101.886,99.6703,1
tongue,1.355862,142.431536,137.6653,101.5334,100.1161,1
tongue,1.361511,143.237625,145.1762,106.6288,104.7874,1
tongue,1.356251,143.599355,153.386,113.0956,110.4195,1
tongue,1.342164,142.890625,150.4645,112.106,109.5886,1
tongue,1.443397,145.94941,145.0963,100.5242,99.5623,0
tongue,1.390408,143.606917,138.0906,99.3166,98.3697,1
tongue,1.354852,141.607857,128.138,94.5771,93.3929,1
tongue,1.298028,141.38336,151.15,116.4458,113.9003,1
tongue,1.433689,144.873587,138.3492,96.4988,94.4849,1
tongue,1.344541,142.016645,140.4965,104.4941,101.2457,1
tongue,1.393402,143.581346,142.0335,101.9329,97.1989,1
tongue,1.321514,141.303632,139.8173,105.8008,103.5506,1
tongue,1.333132,142.344311,146.1104,109.5994,107.7677,1
tongue,1.437604,147.384449,159.7377,111.1138,110.6879,0
tongue,1.413431,145.102332,148.6194,105.1479,102.079,0
tongue,1.367855,141.898364,127.4122,93.1474,91.5941,1
tongue,1.348362,142.271869,140.3519,104.0907,102.0148,1
tongue,1.344805,142.90614,149.255,110.9864,108.4613,1
tongue,1.378863,144.179253,150.6534,109.2591,106.3675,1
tongue,1.35418,142.762362,145.5794,107.5037,103.7011,1
tongue,1.387049,146.021569,164.3023,118.4546,117.7651,0
tongue,1.420139,145.862425,155.3297,109.3765,105.618,0
tongue,1.327996,141.140728,135.8615,102.3056,99.7002,1
tongue,1.383307,144.085272,146.2861,105.751,104.1624,1
tongue,1.3564,143.63929,154.3026,113.7589,110.6277,1
tongue,1.323864,141.142146,138.7424,104.8011,101.4223,1
tongue,1.439772,144.558792,133.643,92.8223,91.2435,1
tongue,1.374877,143.814729,149.264,108.5654,105.0629,1
tongue,1.364281,143.737458,150.0471,109.9825,107.8473,1
tongue,1.370683,144.53017,160.3971,117.0198,112.9721,1
tongue,1.388907,142.474913,130.7083,94.1087,90.6158,1
tongue,1.335795,142.108295,143.7022,107.5781,105.1394,1
tongue,1.379282,144.660735,154.8172,112.2448,109.8611,1
tongue,1.37722,143.047502,137.823,100.0733,98.2073,1
tongue,1.329699,141.853726,150.1587,112.9268,106.7727,1
tongue,1.346916,142.907164,147.1635,109.2596,107.6264,1
tongue,1.362728,143.286324,141.8258,104.0749,104.6783,1
tongue,1.351512,142.880711,146.1369,108.1285,105.2657,1
tongue,1.40792,144.902463,146.612,104.1337,102.1451,1
tongue,1.413855,145.280953,146.6694,103.7373,103.2367,0
tongue,1.352404,141.744218,134.4072,99.3839,95.8692,1
tongue,1.443974,146.830291,153.8989,106.5801,104.7552,0
tongue,1.381214,143.857691,147.2076,106.5784,103.4165,1
tongue,1.394641,144.053672,145.8238,104.5601,100.5531,1
tongue,1.391433,143.519018,135.0127,97.0314,96.5302,1
tongue,1.329688,141.71636,134.1587,100.8949,101.8296,1
tongue,1.370876,144.083691,151.3261,110.3865,108.8949,1
tongue,1.376156,144.872439,155.9286,113.3074,112.6751,1
tongue,1.387992,145.040761,158.5369,114.2203,110.295,0
tongue,1.380662,143.804145,146.8181,106.3389,103.436,1
tongue,1.317666,141.660465,150.4556,114.1833,109.6674,1
tongue,1.313299,141.84526,155.1651,118.1491,113.1304,1
tongue,1.336705,141.884846,143.3741,107.2593,103.3897,1
tongue,1.416955,145.723699,153.8203,108.5569,105.8486,0
tongue,1.451972,145.94517,146.3799,100.8145,96.8101,0
tongue,1.348309,143.224053,151.8993,112.6591,110.1481,1
tongue,1.333034,142.207107,148.512,111.409,107.6425,1
tongue,1.398093,144.374249,142.4433,101.884,101.4539,1
tongue,1.356104,144.237402,159.1359,117.3479,115.6485,1
tongue,1.366568,143.369062,147.4696,107.9123,104.6898,1
tongue,1.307347,141.32529,147.1884,112.5856,109.5122,1
tongue,1.401383,143.893175,136.5581,97.4452,96.8683,1
tongue,1.403263,144.531327,139.699,99.553,100.5041,1
tongue,1.381347,143.68627,143.8753,104.1558,101.7227,1
tongue,1.418835,144.65752,141.3204,99.6031,97.5104,1
tongue,1.450064,145.358015,137.0869,94.5386,93.7748,0
tongue,1.395695,144.227406,143.0057,102.462,101.0424,1
tongue,1.320439,141.749858,137.2528,103.9449,106.0787,1
tongue,1.439235,146.645613,154.412,107.2875,105.4187,0
tongue,1.421056,146.306446,157.6589,110.9448,108.3525,0
tongue,1.393966,143.553928,138.0122,99.0068,96.5896,1
tongue,1.39058,143.695988,139.5585,100.3599,98.737,1
tongue,1.385093,143.548662,140.9306,101.7481,99.6927,1
tongue,1.301738,141.327978,153.3211,117.7818,113.4956,1
tongue,1.300916,141.96782,162.0017,124.529,120.2192,1
tongue,1.306532,141.112464,141.7523,108.4951,107.078,1
tongue,1.380698,142.530521,132.254,95.7878,93.3224,1
tongue,1.353439,143.137263,149.1626,110.2101,107.5479,1
tongue,1.379641,144.887679,154.2559,111.8087,111.2962,1
tongue,1.371623,144.091636,151.3741,110.3613,108.478,1
tongue,1.339352,141.405825,132.9228,99.2441,97.6113,1
tongue,1.327448,141.356906,141.4363,106.5475,102.3503,1
tongue,1.397559,145.212997,153.8276,110.0687,108.4671,0
tongue,1.324178,141.976647,144.7881,109.3418,108.0217,1
tongue,1.449792,146.168246,144.4307,99.6216,99.2094,0
tongue,1.34539,143.053638,147.7356,109.8087,108.956,1
tongue,1.355243,142.211854,135.4306,99.9308,98.3935,1
tongue,1.325957,141.351248,137.8083,103.9312,102.0821,1
tongue,1.358166,143.475788,147.6637,108.7228,107.5351,1
tongue,1.329128,142.009733,146.7103,110.3809,107.2133,1
tongue,1.387741,145.417775,153.4786,110.596,112.2135,0
nails,1.898948,154.981339,150.3598,79.1806,56.9776,1
nails,1.730935,154.533137,171.2022,98.9073,75.758,1
nails,1.76507,147.434187,121.264,68.7021,40.7041,1
nails,1.115943,138.384526,170.3692,152.6683,173.3019,1
nails,1.073093,133.931356,142.1967,132.5111,145.0388,1
nails,1.242562,140.361639,101.1647,81.4162,103.7998,1
nails,1.286574,140.210545,160.8365,125.0115,111.9661,1
nails,1.055234,127.346914,185.4954,175.786,150.0304,1
nails,1.116558,130.979726,167.7068,150.1999,127.1876,1
nails,1.852848,152.242367,137.2897,74.0966,44.0275,1
nails,1.630809,159.187029,215.0293,131.8544,120.3453,1
nails,2.086326,167.498444,194.5765,93.2628,83.4513,1
nails,1.303101,142.971936,180.9024,138.8245,131.1734,1
nails,1.322573,144.64678,188.33,142.3966,135.7514,1
nails,1.203842,139.260593,196.4402,163.1777,156.1197,1
nails,1.339514,138.36443,124.6209,93.0344,74.6756,1
nails,1.572895,151.836293,173.9602,110.5988,98.4971,1
nails,1.238825,139.249012,192.6841,155.5378,137.1301,1
nails,2.157475,136.479444,34.7263,16.0958,14.6029,1
nails,1.347857,136.002984,85.2444,63.2444,52.3839,1
nails,1.404955,142.629603,125.6733,89.4501,86.9346,1
nails,1.10339,130.780052,66.099,59.9053,60.1008,1
nails,1.036704,128.946678,18.762,18.0978,20.6524,1
nails,1.105136,131.417396,84.8643,76.7908,76.1535,1
nails,1.106771,133.869373,153.4247,138.6237,139.0622,1
nails,1.085653,132.733698,174.9081,161.1087,158.4636,1
nails,1.093649,131.934953,145.709,133.2319,127.8247,1
nails,1.642219,145.879228,112.6817,68.6155,63.78,1
nails,1.417306,142.538862,152.3788,107.513,82.8947,1
nails,1.335247,141.014677,153.9252,115.2784,99.0103,1
nails,1.113679,133.88747,176.6055,158.5785,152.9067,1
nails,1.142284,133.848277,153.5818,134.4516,123.9909,1
nails,1.196578,136.83989,151.712,126.7881,120.6111,1
nails,1.161569,134.649296,110.6242,95.2369,97.0621,1
nails,1.11963,133.448638,119.062,106.3404,108.1444,1
nails,1.203982,131.397639,49.0163,40.7118,38.5745,1
nails,1.186441,141.049773,191.0121,160.9958,171.4679,1
nails,1.230131,138.140788,129.6273,105.3769,105.8026,1
nails,1.37644,140.074112,89.4931,65.0178,71.1034,1
nails,1.270961,138.663118,186.7522,146.9378,111.0993,1
nails,1.315331,141.005161,186.894,142.089,108.9267,1
nails,1.373488,142.449041,151.6555,110.4164,93.5943,1
nails,1.11494,132.98371,146.5899,131.4778,126.5338,1
nails,1.094053,129.552314,80.6362,73.7041,65.6246,1
nails,1.100787,132.417622,133.9284,121.6661,119.5048,1
nails,1.195335,136.985291,166.5592,139.3411,130.1783,1
nails,1.231517,137.905453,170.4187,138.3811,122.1955,1
nails,1.094547,131.291253,165.3731,151.0881,138.4364,1
nails,1.22138,138.986871,178.953,146.517,137.9231,1
nails,1.110852,131.784762,205.7641,185.2309,162.5509,1
nails,1.121712,131.284253,208.7711,186.1182,153.698,1
nails,1.326231,142.170368,159.5308,120.2889,110.267,1
nails,1.444896,141.935211,120.3297,83.2791,69.9252,1
nails,1.192911,135.794503,151.0605,126.6318,114.9958,1
nails,1.053027,127.83847,222.0915,210.9078,185.6408,1
nails,1.201942,137.598877,209.8903,174.626,151.7391,1
nails,1.078509,126.747536,167.2112,155.0392,117.8742,1
nails,1.519623,145.644473,122.0927,80.3441,79.4077,1
nails,1.227805,139.645635,159.2226,129.6807,130.3779,1
nails,1.309327,140.44117,134.3467,102.6074,99.7322,1
nails,1.815692,145.609684,92.9038,51.1672,48.6334,1
nails,1.430319,141.617135,126.6408,88.5403,71.6132,1
nails,1.143356,134.228964,162.218,141.8788,131.7563,1
nails,1.104256,127.923292,148.5456,134.521,96.4113,1
nails,1.180895,136.332591,200.7387,169.9886,147.6165,1
nails,1.056483,125.141062,190.4649,180.2821,135.9129,1
nails,1.047862,131.996887,234.2345,223.5356,224.7549,1
nails,1.347569,144.00671,159.9002,118.6583,113.9508,1
nails,1.148694,136.987,183.4364,159.6913,159.7636,1
nails,1.198759,135.998,162.1604,135.2735,117.4549,1
nails,1.097815,129.934404,165.0627,150.3557,127.2071,1
nails,1.283445,139.400413,139.7216,108.8645,100.5419,1
nails,1.054474,129.425251,173.5881,164.6206,152.402,1
nails,1.111229,130.266125,128.2041,115.3714,97.584,1
nails,1.061017,128.14503,143.2135,134.9775,116.4598,1
nails,1.338649,142.367897,138.2093,103.2454,103.2284,1
nails,1.099455,133.695424,196.6265,178.8401,173.8011,1
nails,1.189969,139.311753,172.6992,145.1292,149.3754,1
nails,1.345426,141.177287,143.4881,106.6488,89.697,1
nails,1.249078,135.249125,126.6495,101.3944,78.1859,1
nails,1.065752,130.811374,222.8358,209.0878,194.1111,1
nails,1.72833,154.449896,169.4123,98.0208,72.1443,1
nails,1.341056,141.121046,186.6657,139.193,94.8632,1
nails,1.500346,148.677344,177.6283,118.3916,93.8462,1
nails,1.171843,137.808342,141.0183,120.3389,129.3607,1
nails,1.110296,135.396397,183.1048,164.9153,169.0347,1
nails,1.238857,140.401574,141.5554,114.2629,123.1944,1
nails,1.048465,130.316511,199.959,190.716,184.9203,1
nails,1.149287,134.13932,159.6751,138.934,129.1477,1
nails,1.093199,132.613474,191.2761,174.9691,167.2827,1
nails,1.204474,140.478299,151.6825,125.9326,138.6037,1
nails,1.300225,142.684715,136.8396,105.243,115.6216,1
nails,1.2291,138.116579,121.9584,99.2258,103.6365,1
nails,1.419159,134.328269,58.7671,41.4098,32.9047,1
nails,1.509065,137.138546,70.0049,46.3896,38.1856,1
nails,1.266639,137.75481,137.0403,108.1921,97.6121,1
nails,1.224734,135.854712,152.8318,124.7878,105.0731,1
nails,1.56606,148.754859,147.165,93.9715,86.3708,1
nails,1.189539,136.893034,188.433,158.4084,143.3313,1
nails,1.269446,146.594345,182.1918,143.5207,159.9764,1
nails,1.154809,139.219448,163.4723,141.5579,150.9097,1
nails,1.551432,151.724633,146.4204,94.3776,104.2843,1
nails,1.403465,146.337172,182.998,130.3901,113.708,1
nails,1.569551,147.538088,145.0167,92.3938,72.9231,1
nails,1.631431,148.6192,134.2039,82.2615,72.3271,1
nails,1.125365,135.83868,208.7612,185.5052,182.2026,1
nails,1.141899,135.009806,190.3957,166.7361,155.6346,1
nails,1.217437,138.698505,189.6611,155.7872,141.5408,1
nails,1.455278,151.19069,185.9801,127.7969,130.2473,1
nails,1.428929,145.559555,150.3738,105.2353,99.2152,1
nails,1.433009,141.934098,119.6491,83.495,74.9555,1
nails,1.074791,133.261818,183.6834,170.9014,168.8238,1
nails,1.030585,129.873889,181.7281,176.335,173.1928,1
nails,1.067845,131.62599,192.8603,180.6069,173.5042,1
nails,1.371607,142.121385,165.1813,120.4291,89.9431,1
nails,1.536169,136.716956,63.8713,41.5783,30.3352,1
nails,1.651632,140.337898,73.442,44.4663,36.9156,1
nails,1.023521,129.544104,161.9035,158.1829,158.9137,1
nails,1.062835,130.128659,73.4654,69.1222,70.775,1
nails,1.0451,130.269431,106.1352,101.5551,103.7691,1
nails,1.481783,149.070967,144.3953,97.447,110.584,1
nails,1.727199,144.554765,86.4023,50.0245,55.0168,1
nails,1.3263,147.573458,192.9828,145.5046,155.1665,1
nails,1.046183,125.915792,206.4559,197.3422,163.1752,1
nails,1.156796,134.636377,167.7796,145.0382,132.1487,1
nails,1.187143,135.224803,188.8587,159.0868,131.1626,1
nails,1.146888,131.797552,135.3259,117.994,95.9981,1
nails,1.193545,135.734053,156.9978,131.5391,113.0803,1
nails,1.083576,128.338559,141.483,130.5705,103.2383,1
nails,1.457208,142.639086,149.5553,102.6315,63.0108,1
nails,1.385249,141.817293,150.9978,109.004,84.4913,1
nails,1.287276,140.072402,175.7745,136.5477,114.9073,1
nails,1.318154,140.519637,143.108,108.5669,101.3576,1
nails,1.424334,143.088918,142.7035,100.1897,85.3031,1
nails,1.655194,149.156094,137.9861,83.3655,77.0387,1
nails,1.126368,130.19969,89.6872,79.6252,67.3091,1
nails,1.072281,130.45746,159.6692,148.9061,139.3526,1
nails,1.06197,128.231674,56.3928,53.1021,46.7665,1
nails,1.147446,137.10516,186.4105,162.4569,164.1382,1
nails,1.128979,136.182787,201.088,178.1149,177.4197,1
nails,1.392656,146.67028,161.5322,115.9886,120.3829,1
nails,1.089862,132.418896,123.2279,113.0675,115.8488,1
nails,1.165123,132.505556,68.9271,59.1586,60.9653,1
nails,1.098019,131.082789,86.2893,78.5863,77.9122,1
nails,1.259568,140.432977,216.022,171.5049,141.4855,1
nails,1.476347,149.139595,165.996,112.4369,109.6649,1
nails,1.150454,133.851196,174.546,151.7193,134.0795,1
nails,0.986853,124.96771,92.2417,93.4705,78.9974,1
nails,0.979988,124.84647,105.3057,107.4561,94.2884,1
nails,1.004487,126.10016,144.3269,143.6822,131.3156,1
nails,1.468399,147.392623,152.5714,103.9032,99.2336,1
nails,1.339088,144.318059,157.7853,117.8304,119.2818,1
nails,1.349872,144.084724,164.2597,121.6854,114.3319,1
nails,1.07714,133.950565,204.2044,189.5801,193.3948,1
nails,1.29937,138.998387,84.9988,65.4154,78.5505,1
nails,1.296867,142.782729,128.943,99.4266,112.8157,1
nails,1.749387,156.145062,163.4976,93.4599,92.3616,1
nails,1.436933,148.168723,179.4672,124.896,117.7528,1
nails,1.585693,153.958807,172.677,108.8969,114.8155,1
nails,1.311163,144.881454,191.2469,145.8605,142.5352,1
nails,1.640076,153.185094,162.8451,99.2912,93.7506,1
nails,1.14856,132.350623,168.3448,146.5703,121.1766,1
nails,1.202289,137.74523,132.4372,110.1542,112.6082,1
nails,1.076644,132.765665,170.6873,158.5365,159.0526,1
nails,1.109591,134.699956,137.7651,124.1584,129.6972,1
nails,1.440684,147.183029,146.8863,101.956,107.6101,1
nails,1.129579,135.31714,175.0506,154.9698,153.3611,1
nails,1.135347,134.170239,162.3711,143.0145,134.6984,1
nails,1.556228,155.277221,169.07,108.6409,129.4826,1
nails,1.28701,143.479702,152.6174,118.583,128.0393,1
nails,1.291696,147.794681,193.3686,149.7013,168.1639,1
nails,1.432061,148.169126,188.3617,131.532,112.427,1
nails,1.210051,138.440751,199.3392,164.7362,146.2297,1
nails,1.446408,152.846825,208.0946,143.8699,145.2323,1
nails,1.532336,155.03687,212.3549,138.5825,127.5605,1
nails,2.743783,166.07166,142.6032,51.9732,52.9785,1
nails,1.298077,143.517314,213.0017,164.0902,144.7735,1
nails,1.20225,139.518395,176.7908,147.0499,145.1921,1
nails,1.167579,136.756052,174.8002,149.7116,144.0864,1
nails,1.22481,138.968839,173.7674,141.8729,130.6617,1
nails,1.277196,137.996694,135.4949,106.0878,93.6065,1
nails,1.289516,137.148546,125.2114,97.0995,78.8733,1
nails,1.220923,139.604764,170.21,139.4109,135.3001,1
nails,2.114359,158.99021,143.2673,67.7592,64.3127,1
nails,1.366508,143.801842,182.6537,133.6645,105.0738,1
nails,1.442084,147.564588,180.1309,124.9101,105.3521,1
nails,1.747372,162.821245,223.0927,127.6733,101.8539,1
nails,1.264017,136.286173,176.8567,139.9164,84.0918,1
nails,1.259425,138.07466,198.6238,157.7099,113.5219,1
nails,1.408281,148.812745,182.8275,129.8231,127.1159,1
nails,1.146408,137.276867,219.385,191.3673,185.6122,1
nails,1.302446,147.098724,209.4112,160.7831,164.4927,1
nails,1.296197,141.468315,193.5882,149.3509,118.0626,1
nails,1.265537,139.444315,184.0996,145.4715,117.739,1
nails,1.29714,141.400606,183.3927,141.3823,118.0256,1
nails,1.859521,151.285334,113.8027,61.2,66.0237,1
nails,1.321121,142.059773,159.9058,121.038,112.2792,1
nails,1.68303,142.309172,87.3012,51.8714,40.0981,1
nails,2.144429,152.5997,104.7133,48.8304,48.3487,1
nails,1.775896,130.446864,14.9501,8.4183,7.8697,1
nails,1.407146,141.686844,124.7859,88.6802,80.3588,1
nails,1.181057,138.55612,170.3053,144.1974,147.0835,1
nails,1.164835,136.171207,185.2769,159.0585,148.8258,1
nails,1.252089,140.576265,165.2801,132.0035,130.1256,1
nails,1.192638,134.836825,108.4788,90.957,90.403,1
nails,1.486487,139.538685,88.666,59.648,57.4104,1
nails,1.878646,135.33085,33.912,18.0513,19.5328,1
nails,1.304943,130.961017,28.2314,21.6342,21.9021,1
nails,1.189662,135.429541,111.159,93.4375,94.3217,1
nails,1.223631,135.859986,93.8111,76.6662,80.6722,1
nails,1.305016,138.087805,129.4561,99.1989,84.2626,1
nails,1.786296,151.432896,125.4233,70.2142,67.8462,1
nails,1.336301,141.359994,142.8236,106.8798,100.0133,1
nails,1.974814,130.899518,17.4156,8.8189,7.8909,1
nails,1.321766,133.645135,58.7925,44.4803,39.2827,1
nails,1.171264,134.286915,150.6962,128.6612,115.2237,1
nails,1.220542,133.151046,71.8308,58.8516,58.0665,1
nails,1.134266,132.005468,110.3286,97.2687,91.7916,1
nails,1.08092,129.28356,84.1964,77.8933,71.6046,1
nails,1.788787,158.963452,181.6902,101.5717,89.301,1
nails,1.210329,141.158094,234.4862,193.7377,184.0158,1
nails,1.444505,147.962001,207.8129,143.8644,104.7173,1
nails,1.920356,148.661183,96.6585,50.3336,49.0825,1
nails,2.109062,140.771133,52.0518,24.6801,19.5431,1
nails,1.349223,145.96992,170.0815,126.0588,131.6254,1
nails,1.556635,153.780052,136.4908,87.6833,122.1557,1
nails,1.322814,150.320092,203.3724,153.7423,177.5259,1
nails,1.214623,143.524475,201.2287,165.6718,180.5813,1
nails,1.623234,154.941162,135.6634,83.576,116.5291,1
nails,1.715609,156.94513,144.1436,84.0189,110.9045,1
nails,1.927044,158.982565,125.7341,65.2472,100.7981,1
nails,1.2762,139.700569,169.2285,132.6034,115.3479,1
nails,1.420138,142.427429,151.3465,106.5717,73.0606,1
nails,1.425122,140.760036,128.4377,90.124,63.7762,1
nails,1.486973,145.788084,157.9516,106.2236,80.581,1
nails,1.201096,135.358946,167.9887,139.8628,116.4432,1
nails,1.522748,143.10195,128.818,84.5957,52.2229,1
nails,1.235614,140.877954,154.596,125.1167,126.8695,1
nails,1.058516,130.461122,172.5956,163.0544,154.4701,1
nails,1.070524,130.951969,142.4245,133.0418,126.2714,1
nails,1.100312,129.768601,34.8716,31.6925,33.6794,1
nails,1.071754,131.135353,135.8004,126.7086,124.1801,1
nails,1.061169,131.250867,174.0997,164.064,161.1329,1
nails,1.046122,129.541007,182.0683,174.0412,166.1176,1
nails,1.141508,134.660554,155.9102,136.5827,131.3628,1
nails,1.14209,132.235125,127.4461,111.5902,98.3241,1
nails,1.222039,136.678328,157.6968,129.044,113.7188,1
nails,1.413008,139.659038,115.2803,81.585,66.9837,1
nails,1.507038,146.717811,146.3615,97.1186,90.3573,1
nails,1.691521,145.034887,115.9444,68.5445,36.3012,1
nails,1.357548,144.056918,176.7962,130.232,116.3992,1
nails,1.202821,134.52154,202.5721,168.4142,123.1406,1
nails,1.390404,138.711714,108.8215,78.2661,66.0775,1
nails,1.188271,134.451348,136.4911,114.8653,103.5932,1
nails,1.227441,138.187158,153.3336,124.9213,121.5428,1
nails,1.399494,141.807955,132.4715,94.6567,82.163,1
nails,1.271644,141.465347,179.1327,140.867,132.5292,1
nails,1.129543,129.741101,114.6887,101.5355,78.2361,1
nails,1.413237,135.704408,60.3083,42.6739,38.9298,1
nails,1.422155,139.131369,97.5679,68.6057,58.0669,1
nails,1.437273,137.429203,79.6856,55.4422,44.0415,1
nails,1.064127,130.444477,228.2963,214.5386,200.4123,1
nails,1.14007,132.436735,199.1099,174.6471,144.8746,1
nails,1.203989,135.925259,163.0329,135.4107,117.764,1
nails,1.096507,132.288802,154.4814,140.885,134.4055,1
nails,1.182119,134.257206,119.2222,100.8547,92.6003,1
nails,1.099126,128.904276,54.51,49.5939,43.0934,1
nails,2.031913,154.356543,125.7158,61.8707,53.231,1
nails,1.325643,145.08495,189.8028,143.1779,138.0437,1
nails,1.283903,140.399558,172.7029,134.514,117.5271,1
nails,1.081897,131.382574,189.0046,174.6974,162.0461,1
nails,1.13055,133.225642,149.2167,131.986,118.8521,1
nails,1.08952,131.125208,169.9275,155.9655,141.5612,1
nails,1.351261,142.911889,163.8085,121.2264,106.3707,1
nails,1.293641,141.598023,187.084,144.6182,124.6481,1
nails,1.393987,145.835228,173.8986,124.749,112.5279,1
nails,1.347809,141.704618,148.9214,110.4915,99.3864,1
nails,1.293901,140.36701,164.5663,127.1862,112.023,1
nails,1.367809,145.054451,181.1106,132.4093,117.5021,1
nails,1.323799,139.034919,178.4765,134.8215,82.5595,1
nails,1.486164,153.419429,221.4552,149.0113,129.585,1
nails,1.336883,144.506427,197.2407,147.5377,128.1728,1
nails,1.279052,141.567378,183.0248,143.0941,131.7316,1
nails,1.203483,136.249851,169.3548,140.7205,123.6446,1
nails,1.912698,136.055902,38.9358,20.3565,18.8217,1
nails,1.140941,129.256399,131.6843,115.4172,76.6572,1
nails,1.087234,127.580297,171.9273,158.1327,117.8042,1
nails,1.68345,146.586345,116.6379,69.285,48.9089,1
nails,1.164685,137.128837,186.6645,160.2704,154.5548,1
nails,1.108297,135.651167,228.0939,205.8058,202.7251,1
nails,1.289752,139.798826,149.2495,115.7195,103.1169,1
nails,1.28693,141.273205,155.5507,120.8696,113.9301,1
nails,1.175366,136.368559,174.1091,148.1318,136.2576,1
nails,1.251955,135.436203,99.1468,79.1936,65.9937,1
nails,1.316515,142.053499,181.2661,137.6863,116.9601,1
nails,1.460157,147.264431,156.479,107.1659,102.2927,1
nails,1.326226,139.71065,146.6031,110.5416,88.4972,1
nails,1.253744,138.310076,185.1342,147.6651,118.851,1
nails,1.382459,142.243722,177.5587,128.4369,86.9404,1
nails,1.174221,135.490911,185.1179,157.6516,140.1974,1
nails,1.383654,144.775971,174.7839,126.3205,114.0595,1
nails,1.34887,142.367542,160.0296,118.6398,108.0966,1
nails,1.541617,142.622554,114.3843,74.1976,57.8835,1
nails,1.122878,132.827487,152.8017,136.0803,128.4195,1
nails,1.568099,135.637474,45.3775,28.9379,27.1489,1
nails,1.200458,136.216029,138.7363,115.5694,111.7682,1
nails,1.32057,141.57991,167.5841,126.9028,110.8593,1
nails,2.33207,156.23019,117.1042,50.2147,44.0755,1
nails,1.571355,144.422671,129.5799,82.4638,49.072,1
nails,1.255573,137.404429,153.8802,122.5577,102.1067,1
nails,1.249358,139.359236,188.2876,150.7075,130.0405,1
nails,1.298085,143.530572,179.3303,138.1499,135.8183,1
nails,1.302928,142.828245,178.921,137.3223,128.1502,1
nails,1.125754,133.372575,207.4642,184.2891,164.4883,1
nails,1.261082,138.921034,177.1216,140.4521,120.0489,1
nails,1.153524,135.261334,188.8593,163.7238,151.0438,1
nails,1.666435,153.900276,152.6714,91.6155,98.1935,1
nails,1.214003,140.56333,223.4486,184.0593,172.3802,1
nails,1.400504,143.902147,134.68,96.1654,96.7274,1
nails,1.193665,134.777826,128.5523,107.6954,98.2274,1
nails,1.346326,140.90926,124.6051,92.5519,91.3524,1
nails,1.130255,132.880034,192.8001,170.581,150.0443,1
nails,1.172891,136.590136,207.5907,176.9907,160.0655,1
nails,1.621355,154.571442,175.1444,108.0235,104.6967,1
nails,1.172519,134.390058,184.5965,157.4358,132.8169,1
nails,1.626995,145.53212,120.1979,73.8773,52.3032,1
nails,1.419159,144.641974,149.7053,105.4887,95.8143,1
nails,1.455647,145.621651,126.9852,87.2363,93.3672,1
nails,1.655038,148.967742,112.1642,67.7714,79.4446,1
nails,1.42559,146.377268,132.6512,93.05,105.5568,1
nails,1.535856,148.719021,152.4163,99.2387,92.0708,1
nails,1.988207,141.983807,60.4329,30.3957,27.9806,1
nails,1.221853,137.577136,187.7812,153.6855,132.2606,1
nails,2.438159,160.587265,130.4114,53.4877,50.769,1
nails,1.890164,146.812874,93.5369,49.4861,41.3307,1
nails,1.362793,146.626409,191.8759,140.7961,134.2978,1
nails,1.379729,146.832019,216.0777,156.6088,126.2168,1
nails,1.510277,148.087918,173.8677,115.123,85.232,1
nails,1.530572,147.693553,153.5238,100.3048,83.299,1
nails,1.504798,146.522734,140.604,93.4371,85.954,1
nails,1.334549,148.142175,198.6671,148.8646,156.7166,1
nails,1.497178,152.208819,177.5829,118.6118,124.3587,1
nails,1.328786,136.691553,131.975,99.32,63.5374,1
nails,1.252004,136.891163,164.7498,131.5888,104.6141,1
nails,1.721207,153.559959,163.6057,95.0529,71.2988,1
nails,1.419064,143.176546,117.5958,82.8685,86.4928,1
nails,1.523429,146.189739,116.0185,76.1561,84.0256,1
nails,1.236759,142.615248,154.2768,124.7429,142.7779,1
nails,1.62437,149.794923,144.1468,88.7401,79.795,1
nails,1.572186,156.50596,202.9534,129.0899,127.7677,1
nails,1.535291,153.427848,188.3608,122.6874,119.659,1
nails,1.952459,151.422638,107.5057,55.0617,57.6504,1
nails,1.388919,144.59591,151.0712,108.7689,105.0167,1
nails,2.122154,154.520379,113.0311,53.2624,55.7403,1
nails,1.102018,131.422864,208.8753,189.5389,167.8557,1
nails,1.207869,136.912872,210.0158,173.873,143.2365,1
nails,1.322793,144.362478,189.0481,142.9159,134.1763,1
nails,1.300163,141.604942,184.8434,142.1695,122.8987,1
nails,1.64207,154.827035,181.8075,110.7185,98.2951,1
nails,1.818313,153.845261,145.0841,79.7905,64.4653,1
nails,1.072646,134.10953,228.9953,213.4864,216.1615,1
nails,1.477435,153.745956,190.5648,128.9835,141.2845,1
nails,1.360391,143.908421,150.5502,110.6669,112.4739,1
nails,1.493222,151.765052,197.3367,132.155,119.6977,1
nails,1.911188,159.567039,173.4792,90.7703,67.2326,1
nails,1.58192,151.081321,169.0846,106.8857,90.1658,1
nails,1.546453,154.845648,193.6485,125.2211,126.1239,1
nails,1.429172,153.309301,229.4965,160.5801,156.9463,1
nails,1.640256,149.609103,150.5394,91.778,66.0413,1
nails,1.661208,154.911921,175.4617,105.623,95.614,1
nails,1.621349,147.645296,133.5781,82.387,66.4704,1
nails,1.370447,147.868034,211.6017,154.4034,141.8982,1
nails,1.497338,149.473928,167.6877,111.9905,103.1043,1
nails,1.420165,142.037419,139.4238,98.1744,73.7729,1
nails,1.198347,135.191255,144.7714,120.8093,105.7344,1
nails,1.473905,144.681118,122.4971,83.1106,80.3665,1
nails,1.27195,140.657344,150.4635,118.2936,116.1745,1
nails,1.191802,135.055047,135.9059,114.034,101.4054,1
nails,1.454871,146.346059,136.1443,93.5783,97.5652,1
nails,1.519228,152.124675,175.0386,115.2155,118.5835,1
nails,1.289787,140.929727,166.5197,129.1064,117.8488,1
nails,1.136912,131.923469,132.4035,116.4589,103.1534,1
nails,1.07845,129.692295,157.5793,146.1164,131.1733,1
nails,1.2094,131.746811,96.1168,79.4748,59.7835,1
nails,1.389219,144.446815,163.8103,117.9154,105.8917,1
nails,1.198463,138.635861,192.6836,160.7755,153.3837,1
nails,1.285131,141.54862,171.7098,133.6127,126.0042,1
nails,1.208565,135.764068,197.4798,163.4002,127.5008,1
nails,1.737949,162.814068,218.9901,126.0049,117.4492,1
nails,1.235702,137.100515,181.3446,146.7543,117.8707,1
nails,1.370117,146.360672,177.7415,129.7273,116.7954,1
nails,1.295536,140.150272,151.8668,117.2231,95.0834,1
nails,1.135291,135.53183,214.3464,188.803,172.8735,1
nails,1.302979,135.570668,117.3613,90.0715,61.2171,1
nails,1.915745,150.273028,115.6124,60.3485,43.4666,1
nails,1.681388,144.417348,95.6262,56.8734,50.9451,1
nails,1.279807,135.625232,116.5898,91.0995,64.7186,1
nails,1.190583,137.563604,189.0352,158.7753,146.1431,1
nails,1.335355,141.973597,154.5878,115.7654,100.6658,1
nails,1.667714,140.492573,70.1403,42.0578,38.4981,1
nails,1.207486,135.509621,126.6655,104.9001,97.5754,1
nails,1.335122,140.462993,133.0213,99.6324,92.1532,1
nails,1.462736,146.298398,158.0219,108.0318,91.6964,1
nails,1.220466,138.36793,184.1458,150.8816,133.8686,1
nails,1.263388,136.037983,130.4415,103.2473,80.725,1
nails,1.33052,141.423542,138.4347,104.0455,99.9938,1
nails,1.186662,138.725392,196.3662,165.4778,160.799,1
nails,1.548286,143.026161,102.3094,66.0791,58.826,1
nails,1.360583,142.795374,135.2725,99.4224,98.8338,1
nails,1.313692,145.125998,179.3465,136.5209,139.1714,1
nails,1.518916,150.618119,158.1081,104.0927,108.8243,1
nails,1.222124,137.088644,178.1968,145.8092,124.0742,1
nails,1.672412,145.511008,104.5827,62.534,59.6977,1
nails,1.213346,137.189126,160.9691,132.6655,122.042,1
nails,1.233513,139.483928,193.7809,157.0967,142.1912,1
nails,1.526255,152.721827,191.1977,125.2724,119.9231,1
nails,1.148222,135.553556,214.1157,186.4758,166.6447,1
nails,1.097939,131.476847,154.5575,140.7705,130.4332,1
nails,1.254969,136.643619,116.9726,93.2076,81.8411,1
nails,1.199684,134.029693,107.415,89.5361,80.8201,1
nails,1.082799,129.101418,164.3693,151.8003,129.5418,1
nails,1.282492,135.258318,104.929,81.8166,64.4432,1
nails,1.159634,133.205497,195.649,168.7162,136.2695,1
nails,1.15601,133.423848,191.9022,166.0039,134.7084,1
nails,1.142386,130.467396,157.8571,138.1819,98.0846,1
nails,1.229724,136.866438,148.2528,120.5578,103.7957,1
nails,1.280531,141.244093,171.2273,133.7159,122.6705,1
nails,1.188474,134.505218,162.2079,136.4842,109.8731,1
nails,1.202483,137.957065,187.1468,155.6336,141.3173,1
nails,1.351207,144.693005,149.7294,110.8116,116.6182,1
nails,1.188158,139.12303,189.1732,159.2155,158.178,1
nails,1.219655,140.778987,179.9182,147.5157,150.2333,1
nails,1.238147,138.52904,186.2771,150.4483,130.6062,1
nails,1.303013,141.468218,168.8198,129.561,117.2143,1
nails,1.389846,144.965517,179.1778,128.9191,109.5534,1
nails,1.119545,134.847019,229.6127,205.0946,192.8526,1
nails,1.075055,131.793826,232.0629,215.8613,203.2814,1
nails,1.670556,158.818326,201.3167,120.5088,114.2747,1
nails,1.45315,150.760472,195.5712,134.5843,127.6592,1
nails,1.110438,134.754956,226.7942,204.2386,195.9351,1
nails,1.057411,129.740214,227.6548,215.2945,198.9688,1
nails,1.573716,149.871744,141.961,90.2075,92.1404,1
nails,1.280482,141.454928,178.1849,139.1545,126.6797,1
nails,1.265323,139.600958,197.6973,156.2426,125.2398,1
nails,1.224623,137.386978,153.381,125.2475,113.9647,1
nails,1.453764,142.620587,115.9811,79.7799,73.5031,1
nails,1.154091,134.819277,167.0305,144.729,134.3818,1
nails,1.083678,125.911743,189.2977,174.6808,123.9191,1
nails,1.054274,127.440928,207.9485,197.2433,170.4216,1
nails,1.043119,127.166046,204.216,195.7744,172.7365,1
nails,1.893313,153.657376,132.4788,69.972,61.688,1
nails,1.281451,143.982,203.2557,158.6137,154.6865,1
nails,1.840165,158.491992,170.3266,92.5605,82.2846,1
nails,1.122838,131.111321,145.3847,129.4796,111.4542,1
nails,1.802304,133.026193,28.5984,15.8677,12.6933,1
nails,1.133771,130.341882,121.2148,106.9129,85.8886,1
nails,1.209874,138.747278,170.3126,140.7689,136.3117,1
nails,1.262399,140.407203,164.0168,129.9247,123.3788,1
nails,1.230633,141.040983,192.239,156.2115,152.8627,1
nails,1.423422,151.296495,183.2214,128.719,142.9403,1
nails,1.34329,144.918114,179.1988,133.403,127.5971,1
nails,1.383031,151.66586,210.2218,152.0008,163.6296,1
nails,1.179356,134.678779,199.5781,169.2263,133.2859,1
nails,1.230537,138.450799,163.1477,132.5826,120.766,1
nails,1.146386,131.911292,144.9308,126.4242,103.537,1
nails,1.069872,129.642215,194.5222,181.8181,164.4224,1
nails,1.088739,129.27127,155.7649,143.0692,121.9346,1
nails,1.133557,130.456364,146.8378,129.5372,103.1082,1
nails,1.443416,142.993984,125.0379,86.6264,77.9779,1
nails,1.464397,145.822858,130.6919,89.2462,91.5458,1
nails,1.82266,147.66257,97.5474,53.5192,57.0106,1
nails,1.350818,140.696473,169.2897,125.3238,89.3498,1
nails,1.24668,139.202868,200.7037,160.9906,135.8447,1
nails,1.408578,141.181513,150.9211,107.1443,71.1246,1
nails,1.392756,147.928195,159.0038,114.1649,128.1015,1
nails,1.16671,139.612393,204.3382,175.1406,180.84,1
nails,1.102635,133.99429,186.4396,169.0855,167.002,1
nails,1.801473,157.283415,162.6296,90.2759,87.5003,1
nails,1.879366,147.263528,101.7091,54.1189,41.4398,1
nails,1.773197,146.509637,113.9042,64.2366,38.3152,1
nails,1.30819,135.887518,97.4076,74.4598,61.8631,1
nails,1.143619,128.421977,63.5013,55.5266,36.2258,1
nails,1.219919,130.758843,59.2451,48.5648,36.3577,1
nails,1.340484,137.357736,100.2527,74.7885,62.2712,1
nails,1.112955,133.578797,173.751,156.1168,148.3814,1
nails,1.162771,136.347043,160.1184,137.7042,133.8436,1
nails,1.226924,133.550959,108.0289,88.0485,71.3046,1
nails,1.036669,129.155643,163.2009,157.4282,151.4635,1
nails,1.067776,130.022693,141.0564,132.1029,124.2885,1
nails,1.112035,128.591571,106.3412,95.6275,72.7643,1
nails,1.117431,129.378913,158.9105,142.2107,109.1883,1
nails,1.144831,131.005677,137.2589,119.8945,95.9568,1
nails,1.22438,141.375833,184.2553,150.4887,153.4453,1
nails,1.073091,131.552701,188.5942,175.7485,168.9013,1
nails,1.242412,141.72565,185.5929,149.3811,148.6794,1
nails,1.465044,138.356881,82.9862,56.6442,48.5849,1
nails,1.629483,146.771584,113.7415,69.8022,69.6171,1
nails,1.472179,147.876341,155.2904,105.4834,103.5717,1
nails,1.624818,146.016758,101.6871,62.5837,70.4766,1
nails,1.442069,147.62649,143.0402,99.191,111.0895,1
nails,1.638569,151.80939,133.9361,81.7397,95.3686,1
nails,1.547248,152.249851,169.4682,109.5288,107.9476,1
nails,1.239937,142.250706,199.0786,160.5554,158.2783,1
nails,1.79605,149.998113,111.3126,61.9763,67.4017,1
nails,1.133822,133.297818,205.8917,181.5909,155.278,1
nails,1.577153,152.393123,183.0013,116.0327,97.8517,1
nails,1.595406,151.876583,172.9565,108.4091,87.098,1
nails,1.311703,138.199481,127.6305,97.3013,81.4036,1
nails,1.145658,132.681134,158.0969,137.9966,117.5343,1
nails,1.161626,132.139062,152.6852,131.4409,102.5076,1
nails,1.081786,127.718037,166.1536,153.5919,121.5592,1
nails,1.074257,127.931308,177.1559,164.9102,136.2487,1
nails,1.362913,139.08966,126.8419,93.0667,71.9375,1
nails,1.437064,149.113434,182.4657,126.9712,123.6362,1
nails,1.519714,141.802471,109.8455,72.2804,56.942,1
nails,1.6743,144.298802,106.0283,63.3269,46.1958,1
nails,1.769807,145.59241,106.716,60.2981,37.5801,1
nails,1.554113,146.483783,148.2237,95.3751,67.5743,1
nails,1.364797,139.903179,169.0342,123.853,70.4313,1
nails,1.072904,128.182787,174.3213,162.4761,132.7563,1
nails,1.247435,137.177594,136.8584,109.7119,94.2836,1
nails,1.322579,140.312463,139.1102,105.181,88.825,1
nails,1.415936,147.006919,168.4063,118.9364,112.0575,1
nails,1.154231,134.991903,181.6839,157.4069,143.4594,1
nails,1.465257,147.348898,156.294,106.6666,97.8721,1
nails,1.160279,137.318898,188.4352,162.4051,157.0545,1
nails,1.227733,139.167626,152.4032,124.1338,120.3406,1
nails,1.168713,136.079805,163.9221,140.2587,131.5061,1
nails,1.612521,148.194965,140.9551,87.4129,68.688,1
nails,2.792567,148.127208,69.8005,24.9951,23.87,1
nails,1.450967,141.929759,146.1725,100.7414,58.4081,1
nails,1.361865,143.321656,149.2667,109.6047,105.0665,1
nails,1.22316,134.810358,120.056,98.1524,81.7153,1
nails,1.144252,133.166094,155.0103,135.4686,118.8353,1
nails,1.090315,130.128482,194.9855,178.834,155.6733,1
nails,1.185053,137.199368,169.2695,142.837,135.9291,1
nails,1.137031,135.659167,182.797,160.7669,156.6519,1
nails,1.252749,138.161014,158.8514,126.8023,110.741,1
nails,1.477894,147.192287,155.8019,105.4216,96.8471,1
nails,1.103913,131.988839,179.8588,162.9284,149.3332,1
nails,1.070383,131.496476,201.066,187.8448,179.9293,1
nails,1.191617,134.971694,155.9661,130.8861,109.4481,1
nails,1.090535,131.50496,183.8163,168.5561,155.124,1
nails,1.351131,142.301592,148.671,110.0345,98.4939,1
nails,1.298151,137.460089,116.4119,89.6751,78.0642,1
nails,1.18336,138.275431,178.2348,150.6176,148.781,1
nails,1.121496,132.615958,185.5316,165.4322,147.1739,1
nails,1.071671,130.814245,209.0433,195.0629,181.377,1
nails,1.027637,125.255996,209.3478,203.7177,173.8998,1
nails,1.241924,133.871728,142.1557,114.4641,74.1589,1
nails,1.475827,146.809293,176.2102,119.3976,86.3421,1
nails,1.089799,127.773358,182.7336,167.6764,129.0565,1
nails,1.391259,141.623893,147.5584,106.0611,78.9017,1
nails,1.141133,131.291302,153.8334,134.8076,106.8036,1
nails,1.048708,126.879937,200.0972,190.8036,163.3826,1
nails,1.074043,132.534137,134.1683,124.9189,128.4423,1
nails,1.089457,132.535427,108.4789,99.5716,102.5013,1
nails,1.095405,132.507879,78.041,71.244,76.7495,1
nails,1.075759,131.204964,115.5728,107.4338,105.2043,1
nails,1.046,129.958275,159.0403,152.0462,147.1339,1
nails,1.044863,129.823487,149.9989,143.5584,138.842,1
nails,1.075814,131.332317,103.9684,96.6416,96.715,1
nails,1.06992,131.383703,125.0565,116.884,114.6444,1
nails,1.044368,130.005452,149.3771,143.031,139.6637,1
nails,1.064901,126.863922,136.5862,128.2619,101.955,1
nails,1.078931,126.34043,147.602,136.8039,99.6187,1
nails,1.290164,136.784665,129.1652,100.1153,78.6515,1
nails,1.135967,131.741794,148.7164,130.9162,111.6567,1
nails,1.150634,131.769262,106.3446,92.4226,81.0989,1
nails,1.179698,133.088724,115.4706,97.8814,85.3889,1
nails,1.317272,139.899098,113.8851,86.4552,88.8641,1
nails,1.324695,139.740391,118.7058,89.6099,87.0743,1
nails,1.159124,137.084418,187.7191,161.9492,159.29,1
nails,1.20725,128.747585,14.2049,11.7663,11.3388,1
nails,1.213948,130.824374,55.938,46.0794,36.3339,1
nails,1.259477,132.707779,63.1225,50.118,43.165,1
nails,1.114478,132.142949,206.3647,185.1671,163.5066,1
nails,1.414351,145.648796,160.8613,113.7351,105.1647,1
nails,1.187641,135.55083,184.4935,155.3445,133.2508,1
nails,1.502266,143.005532,105.1065,69.9653,69.5376,1
nails,1.096234,134.734795,209.6857,191.2783,191.9141,1
nails,1.085738,133.047225,182.6222,168.2009,166.4243,1
nails,1.044913,129.224948,235.3251,225.2102,211.2598,1
nails,1.288059,139.697731,179.2254,139.1438,112.2845,1
nails,1.15109,133.256593,193.804,168.3657,141.4802,1
nails,1.208769,138.992339,202.4589,167.4918,154.3524,1
nails,1.290175,138.115756,161.9009,125.4875,93.6275,1
nails,1.215826,138.655764,174.9565,143.8993,135.7548,1
nails,3.162425,161.505798,116.0374,36.6926,31.2675,1
nails,1.45024,147.506266,178.7304,123.2419,105.097,1
nails,1.497292,140.197013,108.3789,72.3833,43.2399,1
nails,1.149795,134.902276,191.9981,166.9846,152.6756,1
nails,1.512092,145.941146,138.7643,91.7698,79.7973,1
nails,1.198111,134.767568,207.4286,173.1297,130.7344,1
nails,1.154837,132.427316,201.3269,174.3335,137.6476,1
nails,1.467331,151.895018,212.979,145.1472,129.5456,1
nails,1.144539,132.226464,194.6773,170.0923,138.6182,1
nails,1.45413,151.998081,212.756,146.3115,131.8909,1
nails,1.548368,153.211916,200.2317,129.3179,103.8014,1
nails,1.277359,140.548394,169.2074,132.4666,120.3962,1
nails,1.171667,132.911872,127.18,108.5462,92.3408,1
nails,1.180166,137.051709,158.0163,133.8932,131.97,1
nails,1.213527,133.432445,107.0736,88.2334,72.9342,1
nails,1.436688,144.350688,155.3291,108.1161,86.6479,1
nails,1.564263,150.942065,176.9807,113.14,91.6217,1
nails,1.239015,135.027145,194.6771,157.1224,101.2624,1
nails,1.363373,138.275399,98.3508,72.1379,66.3126,1
nails,1.686304,130.043548,12.3964,7.3513,6.8088,1
nails,1.862394,131.787842,20.5202,11.0182,10.362,1
nails,1.336087,145.75431,187.6838,140.4728,137.5268,1
nails,1.457318,146.224464,146.6426,100.6249,96.9648,1
nails,1.500861,147.348881,145.5292,96.9638,92.9519,1
nails,1.222164,139.640796,182.1821,149.0652,143.988,1
nails,1.179876,138.68615,195.863,166.003,163.8405,1
nails,1.180971,138.591813,211.4482,179.046,171.5112,1
nails,1.400284,136.147578,60.0292,42.8693,46.6407,1
nails,1.446973,140.465541,89.2649,61.6908,59.7074,1
nails,1.459292,138.439525,84.3451,57.7987,46.76,1
nails,0.986114,128.206464,147.6161,149.6948,153.1471,1
nails,0.998835,128.37351,195.663,195.8911,198.0815,1
nails,0.976484,128.837841,128.9532,132.0588,139.817,1
nails,0.963176,126.521524,178.0003,184.8056,188.656,1
nails,0.963494,128.779068,122.3391,126.9744,137.7341,1
nails,0.950013,127.665941,146.4702,154.177,165.023,1
nails,1.813578,142.633377,76.8165,42.3563,36.1707,1
nails,1.67424,134.689473,37.9359,22.6586,19.3187,1
nails,1.20726,136.903824,159.4368,132.065,121.1309,1
nails,1.74404,147.101692,108.5505,62.2408,53.7752,1
nails,1.607326,139.860905,84.7961,52.756,33.9602,1
nails,2.238079,142.933227,58.8885,26.3121,25.5924,1
nails,1.290493,142.562507,199.5108,154.6004,138.1936,1
nails,1.475779,141.778842,140.0124,94.8736,49.1744,1
nails,1.129526,132.30114,209.6885,185.643,157.5157,1
nails,1.597742,149.002871,135.1123,84.5645,86.0559,1
nails,1.217721,138.325204,150.7678,123.8115,122.8208,1
nails,1.599976,147.772455,119.181,74.4892,81.6988,1
nails,2.051435,136.98929,36.1811,17.637,15.1469,1
nails,1.366176,137.400703,91.7979,67.1933,59.535,1
nails,1.397059,138.7726,109.2267,78.1833,61.2443,1
nails,1.806755,149.600619,117.1026,64.8137,56.9669,1
nails,1.251543,136.897727,135.8922,108.5797,95.3647,1
nails,2.170666,134.271463,27.18,12.5215,11.2506,1
nails,1.243089,143.223835,186.0978,149.7059,159.3567,1
nails,1.381686,151.795181,173.0256,125.2278,157.1789,1
nails,1.234548,144.096176,204.2066,165.41,176.7959,1
nails,1.26869,146.453412,203.891,160.7099,175.6903,1
nails,1.493417,154.725698,177.4226,118.8031,142.6089,1
nails,1.131749,139.432961,232.8837,205.7733,217.2323,1
nails,1.347777,146.056838,140.8304,104.4909,124.754,1
nails,1.651622,144.132304,73.9425,44.7697,61.0548,1
nails,1.792035,147.631764,97.6197,54.4742,57.5714,1
nails,1.306509,142.796939,192.3729,147.2419,128.6631,1
nails,1.974716,158.010855,153.1323,77.5465,68.795,1
nails,1.117399,132.669618,212.2525,189.9523,167.4006,1
nails,1.139466,132.473492,142.3452,124.9227,109.9223,1
nails,1.10789,132.724311,158.4174,142.9903,136.0891,1
nails,1.195284,138.96171,176.0166,147.2592,146.3489,1
nails,1.274746,144.24877,173.861,136.3887,147.0122,1
nails,1.617861,146.199803,100.7846,62.2949,71.8546,1
nails,1.771189,142.088966,71.0405,40.1089,41.1842,1
nails,1.467391,139.976129,86.849,59.186,59.2793,1
nails,1.269759,136.798439,105.3348,82.9566,77.7245,1
nails,1.250901,141.219013,150.9089,120.6402,127.0428,1
nails,1.216993,139.942775,160.2248,131.6563,135.9155,1
nails,1.399602,143.596813,120.7971,86.3082,91.4645,1
nails,1.110194,135.055983,184.3645,166.0651,167.6591,1
nails,1.542127,133.057773,34.3417,22.269,19.7531,1
nails,1.123278,132.161094,147.3618,131.189,118.7303,1
nails,1.109752,133.810439,168.6298,151.9527,149.6094,1
nails,1.189064,132.449396,139.1086,116.99,87.6203,1
nails,1.170121,130.096127,150.8827,128.9463,82.0118,1
nails,1.436309,137.651473,84.3779,58.7463,45.8397,1
nails,1.640121,141.099853,82.396,50.2378,38.1765,1
nails,1.216477,138.717698,188.1544,154.6715,143.2019,1
nails,1.17828,136.21198,173.7392,147.4516,137.0333,1
nails,1.094812,131.531814,152.5785,139.365,128.9259,1
nails,1.160642,136.898647,156.3345,134.6966,133.7639,1
nails,1.163082,134.674425,147.2516,126.6046,112.5087,1
nails,1.727884,139.114982,63.7897,36.9178,27.0553,1
nails,1.609157,142.778068,87.7907,54.5569,53.3691,1
nails,1.275793,135.960952,133.8487,104.9142,77.5668,1
nails,1.12567,135.933678,147.7316,131.2388,137.5014,1
nails,1.162554,137.764101,164.9339,141.872,147.0666,1
nails,1.100816,134.814745,148.5845,134.9767,141.4566,1
nails,1.269041,134.311963,117.5587,92.6358,61.08,1
nails,1.600099,144.113498,112.1491,70.0889,54.5987,1
nails,1.374271,133.528459,75.4905,54.9313,28.6432,1
nails,1.129727,135.611006,176.6976,156.4073,152.2644,1
nails,1.225756,139.65436,141.6075,115.5267,110.7428,1
nails,1.099291,134.647167,191.4726,174.1783,174.0532,1
nails,1.429416,140.592361,130.2253,91.1038,62.5737,1
nails,1.142871,134.153739,200.4008,175.3486,156.4787,1
nails,1.497546,146.721763,152.2622,101.6745,87.7118,1
nails,1.297258,142.275979,166.5804,128.4096,126.1313,1
nails,1.09339,130.381881,194.4191,177.8131,155.4238,1
nails,1.161489,137.371607,209.2934,180.1941,173.0851,1
nails,1.171986,136.891244,181.5931,154.9447,148.1672,1
nails,1.190188,138.355172,197.6794,166.0909,157.1314,1
nails,1.146645,135.945856,206.2125,179.8399,169.3881,1
nails,1.20605,134.562249,131.3909,108.9431,91.2616,1
nails,1.211367,138.816487,155.4949,128.3632,128.7707,1
nails,1.2405,141.034096,184.324,148.5885,144.7985,1
nails,1.238951,137.511589,122.0554,98.5151,96.6647,1
nails,1.071808,131.068418,192.3602,179.4726,169.9085,1
nails,1.153419,135.358639,149.3792,129.5099,126.8181,1
nails,1.313172,142.915663,182.8248,139.2238,117.3558,1
nails,1.344832,141.701618,153.3913,114.0598,87.4923,1
nails,1.196552,136.436477,169.2811,141.4741,123.6602,1
nails,1.298366,144.912034,204.7005,157.6601,145.2513,1
nails,1.363736,145.673973,158.945,116.5512,116.9424,1
nails,1.315015,140.70886,159.2966,121.1367,96.0635,1
nails,1.571074,148.297656,138.4923,88.1514,81.9894,1
nails,1.616289,148.613684,131.795,81.5417,77.9818,1
nails,1.224206,135.728795,151.4666,123.7263,101.7275,1
nails,1.283193,143.753859,203.2363,158.3833,151.3035,1
nails,1.274341,145.633393,221.4201,173.7527,174.3453,1
nails,1.457568,155.781955,233.5765,160.2509,162.3894,1
nails,1.238508,142.076241,160.069,129.2434,140.2054,1
nails,1.18646,138.666909,161.0815,135.7665,140.3491,1
nails,1.220604,139.908163,156.9595,128.5917,132.1404,1
nails,1.571458,148.703118,147.3023,93.7361,81.8538,1
nails,1.102127,129.554556,194.8496,176.7942,144.6526,1
nails,1.215608,134.159707,141.6873,116.5567,90.9369,1
nails,1.244746,137.918082,189.008,151.8446,122.5381,1
nails,1.23885,139.833051,187.5555,151.3948,140.8356,1
nails,1.309677,144.087563,203.7451,155.569,140.6178,1
nails,1.182473,136.774342,200.5463,169.599,153.5453,1
nails,1.139242,131.925372,158.1855,138.8516,117.1324,1
nails,1.2895,139.574507,183.745,142.4932,112.142,1
nails,1.161477,134.615619,144.5955,124.4928,115.5425,1
nails,1.10675,132.358656,170.9796,154.488,143.2571,1
nails,1.080169,130.281431,168.2236,155.7382,141.6829,1
nails,1.064687,130.211787,142.0863,133.4536,123.6581,1
nails,1.065113,129.466089,136.855,128.4887,115.4114,1
nails,1.105679,132.608168,158.1071,142.9955,132.001,1
nails,1.085301,132.787584,124.6817,114.8822,119.1795,1
nails,1.072563,131.814713,138.3627,129.002,129.5093,1
nails,1.132564,134.803535,129.7114,114.529,118.7886,1
nails,1.221674,134.630167,114.5305,93.7489,78.1317,1
nails,1.19189,136.901969,161.1073,135.1696,127.4573,1
nails,1.152826,135.414461,160.7441,139.4348,134.5646,1
nails,1.228552,134.759326,117.8785,95.9491,80.7213,1
nails,1.160298,134.168013,161.4922,139.1817,123.6587,1
nails,1.259225,134.188029,103.652,82.3141,60.9307,1
nails,1.106612,133.552314,186.6434,168.6619,161.8066,1
nails,1.200689,133.209722,114.0509,94.9879,75.3044,1
nails,1.091866,130.697327,155.0612,142.0149,126.6365,1
nails,1.229327,137.668925,151.6852,123.3889,111.2822,1
nails,1.106423,130.98192,148.5413,134.2536,117.4509,1
nails,1.153062,133.562507,132.8206,115.1894,105.1986,1
nails,1.161469,132.785697,153.6698,132.3064,106.5943,1
nails,1.315152,137.394832,98.9579,75.2445,67.4662,1
nails,1.197854,133.548943,116.6586,97.3896,80.7031,1
nails,1.129148,130.151223,107.0322,94.7902,76.9427,1
nails,1.177598,134.143401,124.3152,105.5668,96.4851,1
nails,1.132653,132.796842,171.9374,151.8006,133.7249,1
nails,1.067365,129.416122,183.2149,171.6516,154.5102,1
nails,1.139088,133.599329,142.0106,124.6705,117.2886,1
nails,1.157064,133.835487,142.4903,123.1482,112.1052,1
nails,1.487009,151.489137,176.8312,118.9174,124.8472,1
nails,1.780843,153.691634,143.3694,80.5064,79.0008,1
nails,1.650516,148.108724,130.1921,78.8796,68.1226,1
nails,1.398073,144.175755,151.4992,108.3628,101.2017,1
nails,1.309068,143.158417,164.5838,125.7259,126.0234,1
nails,1.337369,146.898308,197.2622,147.5003,146.808,1
nails,1.207625,141.349365,187.9487,155.635,162.4889,1
nails,1.024333,129.632393,241.2521,235.5212,233.4083,1
nails,1.134748,137.752569,186.2832,164.1626,173.3068,1
nails,1.092924,134.117401,170.3001,155.8206,160.6991,1
nails,1.104786,134.085886,169.0197,152.9886,154.1444,1
nails,1.116635,135.666425,178.452,159.8122,164.4247,1
nails,1.157304,131.299624,121.4222,104.9182,81.6685,1
nails,1.053104,128.369559,196.8971,186.9684,167.0934,1
nails,1.14873,131.496653,159.1501,138.5443,106.9115,1
nails,1.142263,131.411913,163.6209,143.2428,112.5475,1
nails,1.224356,137.597748,153.5903,125.4457,114.8588,1
nails,1.210345,135.101418,144.9204,119.7348,99.7854,1
nails,1.048036,127.361123,198.563,189.462,165.1776,1
nails,1.278015,135.039225,110.8987,86.7742,64.0392,1
nails,1.300243,139.476008,143.1228,110.0739,96.1187,1
nails,1.093574,131.640522,152.5853,139.529,130.9869,1
nails,1.033509,129.537072,204.9982,198.3517,193.4478,1
nails,1.058424,130.259851,172.4222,162.9046,155.4102,1
nails,1.101477,132.568959,136.5974,124.013,121.9272,1
nails,1.409347,141.05316,104.5968,74.2165,71.0831,1
nails,1.342211,139.882695,115.9717,86.4035,79.0383,1
nails,1.090995,133.178868,163.5947,149.95,150.0079,1
nails,1.127465,133.636812,133.0927,118.0459,116.0716,1
nails,1.103459,130.376268,95.6844,86.7131,79.0374,1
nails,1.081445,132.474702,176.2607,162.9863,159.8399,1
nails,1.0974,132.946969,155.7766,141.9506,139.419,1
nails,1.212545,135.488831,99.4073,81.9824,81.5581,1
nails,1.096534,131.07837,135.7107,123.7633,114.5355,1
nails,1.24043,136.811858,129.9095,104.7294,94.0077,1
nails,1.142272,131.481557,130.5148,114.2589,93.6466,1
nails,1.29601,141.771697,149.8829,115.6495,116.2848,1
nails,1.205233,138.10645,155.7412,129.2208,127.1694,1
nails,1.217539,138.80589,149.7602,123.0024,124.3433,1
nails,1.355735,144.466815,150.2134,110.7985,113.1004,1
nails,1.144733,136.464896,185.8454,162.3483,160.9506,1
nails,1.342369,144.513959,161.2992,120.16,121.0043,1
nails,1.548965,141.812487,84.2656,54.4012,56.3364,1
nails,1.227679,138.906131,152.3053,124.0596,122.4138,1
nails,1.205744,137.996145,154.5603,128.1866,125.7128,1
nails,1.352226,145.138288,161.9919,119.7965,121.7715,1
nails,1.549126,146.321172,131.4211,84.8357,73.6636,1
nails,1.469878,141.480234,111.1717,75.6333,60.6345,1
nails,1.556703,139.147627,78.731,50.5755,37.4194,1
nails,1.183935,136.261222,173.9525,146.9273,134.4275,1
nails,1.385626,144.926162,161.7758,116.7529,109.5903,1
nails,1.27859,139.705263,156.0179,122.0234,108.4983,1
nails,1.19567,135.671618,148.0833,123.8497,110.0888,1
nails,1.345036,141.685086,138.1465,102.7084,95.1926,1
nails,1.467328,147.563007,155.1256,105.7198,101.3386,1
nails,1.47391,145.763246,133.8102,90.7859,86.7703,1
nails,1.250223,134.134804,106.6346,85.2924,64.8876,1
nails,1.335246,145.08566,179.4511,134.3955,132.5507,1
nails,1.267164,142.458767,178.324,140.7268,141.2091,1
nails,1.274056,146.032516,192.2185,150.8713,166.4251,1
nails,1.223052,139.843196,165.8426,135.5974,134.8593,1
nails,1.213857,138.235383,151.3365,124.6741,121.8723,1
nails,1.251075,144.02129,182.6112,145.9634,157.6932,1
nails,1.674173,142.916421,75.5387,45.12,51.8985,1
nails,1.485441,145.311753,113.7332,76.5653,84.6052,1
nails,1.246483,140.392945,150.0521,120.3804,122.9485,1
nails,1.201414,139.235609,159.0915,132.4202,136.8129,1
nails,1.279583,141.515572,138.909,108.558,114.4313,1
nails,1.269055,141.61299,145.4422,114.6067,119.9314,1
nails,1.210338,136.233964,123.3703,101.9304,97.4789,1
nails,1.260045,138.20261,127.0083,100.7966,95.0895,1
nails,1.176596,136.04758,152.0505,129.2291,122.2005,1
nails,1.184129,134.117692,167.2805,141.2688,115.8522,1
nails,1.392017,135.382752,71.1405,51.1061,39.9421,1
nails,1.271458,140.685715,166.5105,130.9603,123.001,1
nails,1.332615,137.453767,128.5197,96.4417,63.4003,1
nails,1.449949,139.098498,85.1232,58.7077,52.7022,1
nails,1.783396,146.752504,101.0665,56.6708,46.9561,1
nails,2.041354,136.146578,36.313,17.7887,15.7346,1
nails,1.837024,129.977016,13.0805,7.1205,6.6452,1
nails,2.14597,141.000161,52.5017,24.4652,22.1639,1
nails,1.189223,136.934614,145.8757,122.6647,120.1065,1
nails,1.306879,141.217674,127.8455,97.825,104.1523,1
nails,1.135821,135.306172,161.9015,142.5414,142.0711,1
nails,1.211524,138.816713,129.847,107.1766,118.22,1
nails,1.185981,140.662747,178.759,150.7267,163.2532,1
nails,1.216588,138.683844,146.8144,120.6772,122.2738,1
nails,1.447311,145.71015,146.2264,101.0332,95.821,1
nails,1.519447,142.227658,115.3324,75.9042,52.9326,1
nails,1.192402,135.399929,191.2585,160.3976,131.8814,1
nails,1.291757,139.086095,148.1501,114.6889,98.8091,1
nails,1.809294,145.765633,94.7962,52.394,42.3472,1
nails,1.313779,135.431896,108.3356,82.4611,57.6131,1
nails,1.866736,150.707569,116.1013,62.1948,55.4262,1
nails,1.288532,135.203819,105.3045,81.7244,63.41,1
nails,1.669219,147.4118,119.6031,71.6521,61.4147,1
nails,1.292816,135.055386,77.7521,60.1417,55.5757,1
nails,1.176797,134.719166,112.4904,95.5904,94.2481,1
nails,1.193193,134.381252,104.8372,87.8627,85.463,1
nails,1.095697,132.76281,133.6095,121.9401,123.3851,1
nails,1.136284,134.587249,129.5567,114.0179,116.9563,1
nails,1.178184,134.704973,109.1333,92.6284,93.3932,1
nails,1.430285,137.786858,73.7027,51.5301,51.0972,1
nails,1.332408,142.342575,138.291,103.7903,107.6564,1
nails,1.235924,138.512685,138.5912,112.1357,112.5435,1
nails,1.146358,134.00621,132.3768,115.4759,110.3088,1
nails,1.197303,135.085966,117.4011,98.0546,92.5629,1
nails,1.176462,136.643328,137.2898,116.6972,118.2677,1
nails,1.261741,141.200126,167.0359,132.3853,131.4693,1
nails,1.219779,137.418493,160.2009,131.336,120.1263,1
nails,1.280004,139.721537,150.4327,117.5251,109.5124,1
nails,1.290873,139.196997,137.1271,106.2282,97.1746,1
nails,1.519181,142.224513,105.9995,69.7741,57.9285,1
nails,1.198213,133.72365,129.9618,108.463,88.5806,1
nails,1.19691,135.070563,113.312,94.6705,90.8035,1
nails,1.167207,135.065289,131.0389,112.2671,109.8974,1
nails,1.224601,136.410961,129.0553,105.3856,98.3179,1
nails,1.089457,129.623248,127.8418,117.3444,103.4163,1
nails,1.098359,132.578668,165.4185,150.6052,144.7234,1
nails,1.096849,132.022677,170.996,155.8975,146.7203,1
nails,1.203304,132.318559,100.3156,83.3667,66.0001,1
nails,1.147114,134.867212,160.7203,140.1084,134.4057,1
nails,1.15344,135.493847,160.4968,139.1462,135.1557,1
nails,1.307716,139.845002,146.9465,112.3688,97.4206,1
nails,1.47055,144.472283,131.3918,89.3487,79.3529,1
nails,1.297652,141.069821,152.7483,117.7113,110.786,1
nails,1.218834,138.240045,152.5097,125.1275,119.0217,1
nails,1.232257,137.775697,139.3063,113.0497,105.3893,1
nails,1.264215,142.30306,179.6301,142.0883,141.2116,1
nails,1.075421,132.14053,182.7297,169.9146,165.4371,1
nails,1.210042,138.18532,136.003,112.3953,113.2958,1
nails,1.124222,133.874308,144.9425,128.927,124.3797,1
nails,1.173579,136.784907,146.3863,124.735,124.7103,1
nails,1.117197,134.463186,150.1798,134.4255,135.8759,1
nails,1.228812,134.686231,84.8912,69.084,67.2302,1
nails,1.165756,135.36901,145.7756,125.0481,119.5492,1
nails,1.240926,137.297286,116.9047,94.2076,92.633,1
nails,1.20454,137.336543,160.4277,133.1859,123.383,1
nails,1.024534,130.55541,192.2052,187.6026,192.0966,1
nails,1.009887,129.713763,171.8196,170.1375,174.9933,1
nails,1.016455,129.851551,204.7324,201.4182,204.8231,1
nails,1.016638,129.147594,203.5613,200.2299,199.7001,1
nails,1.085017,132.791681,140.0344,129.0619,130.4237,1
nails,1.040924,129.999823,150.061,144.1614,141.4787,1
nails,0.972476,130.137966,152.3264,156.6377,173.3118,1
nails,1.003949,133.613184,124.6803,124.1899,147.924,1
nails,0.954987,130.484944,136.6469,143.0877,162.7523,1
nails,1.126109,133.996323,137.9469,122.4988,122.1874,1
nails,1.067648,130.011048,134.0115,125.5203,118.2151,1
nails,1.086001,132.642603,177.712,163.6389,160.0012,1
nails,1.228516,136.691618,157.9287,128.5524,111.8894,1
nails,1.349095,140.836648,150.1258,111.2789,92.9281,1
nails,1.57651,150.350252,153.4394,97.3286,93.9735,1
nails,1.08417,130.766133,191.2679,176.4188,160.7376,1
nails,1.432392,148.247899,174.5032,121.8264,118.7443,1
nails,1.482457,144.569749,141.2007,95.2478,76.8507,1
nails,1.237494,136.309608,181.584,146.7352,111.4032,1
nails,1.09715,132.36722,203.0958,185.1121,172.6984,1
nails,1.459766,148.68907,167.0069,114.4066,112.5573,1
nails,1.151211,134.924469,184.604,160.3564,147.8828,1
nails,1.303251,141.164288,170.6104,130.9114,115.6382,1
nails,1.184222,134.364043,162.7597,137.4402,115.9169,1
nails,1.831783,148.990516,111.1063,60.6547,52.484,1
nails,1.239909,139.286044,189.6039,152.9175,136.5601,1
nails,1.190188,137.878131,193.9388,162.948,153.2379,1
nails,1.527572,146.357462,131.2878,85.9454,79.9286,1
nails,1.18201,139.695505,202.5903,171.3948,171.341,1
nails,1.26713,139.231383,129.8562,102.4805,101.3723,1
nails,1.20578,139.408429,161.0268,133.5457,137.2872,1
nails,1.285319,141.028177,147.2253,114.5438,113.4072,1
nails,1.910751,146.657522,84.2179,44.0758,47.2723,1
nails,1.254969,141.300737,173.3918,138.1643,133.7085,1
nails,1.449675,141.624296,107.1313,73.9002,65.7185,1
nails,1.265325,143.300947,168.3548,133.0526,140.7399,1
nails,1.132681,135.468492,154.5711,136.4648,137.8928,1
nails,1.107602,133.630522,153.0845,138.2125,137.2058,1
nails,1.143077,135.667602,161.6262,141.3957,139.6989,1
nails,1.031218,130.445267,194.1011,188.2251,190.13,1
nails,1.093151,132.342253,122.1933,111.7808,112.5557,1
nails,1.07791,132.843164,157.3302,145.9586,148.7058,1
nails,1.056873,131.071305,150.7962,142.6815,142.1399,1
nails,1.092053,131.814358,99.264,90.8967,92.1675,1
nails,1.050795,130.349107,142.8652,135.9591,133.8896,1
nails,1.112375,134.278705,159.9692,143.8087,144.5542,1
nails,1.138928,136.039757,153.7953,135.0352,139.5791,1
nails,1.156807,136.820632,145.5597,125.8289,132.0231,1
nails,1.204264,136.332124,114.6495,95.2029,96.2049,1
nails,1.154439,134.861309,127.936,110.8209,109.945,1
nails,1.18222,131.606539,57.8064,48.8965,47.4786,1
nails,1.104379,132.703634,143.9889,130.38,126.1485,1
nails,1.065785,131.139062,162.1008,152.0953,148.3402,1
nails,1.041534,130.277963,194.6185,186.8576,183.7064,1
nails,1.212832,138.298286,152.1617,125.4598,123.9726,1
nails,1.581623,144.042628,103.4568,65.4118,59.391,1
nails,1.814671,142.014,70.092,38.6252,32.8828,1
nails,1.658737,150.26448,137.7432,83.041,76.071,1
nails,1.787069,148.373317,106.1225,59.3835,57.6447,1
nails,1.706374,148.19861,118.7854,69.6128,60.6295,1
nails,1.524738,142.949227,102.9751,67.5363,67.7384,1
nails,1.49299,137.265125,63.9716,42.848,41.0961,1
nails,1.294235,139.379042,125.6843,97.1109,97.1471,1
nails,1.186842,135.151062,156.5218,131.8808,117.4244,1
nails,1.253689,137.237512,143.0332,114.0898,99.1114,1
nails,1.938091,135.337866,36.047,18.5992,16.3847,1
nails,1.037884,129.136337,157.8378,152.0765,146.3122,1
nails,1.08981,131.638296,129.996,119.2832,115.4442,1
nails,1.079661,130.906743,123.4042,114.299,110.1809,1
nails,1.058508,130.007935,121.9385,115.1984,111.6804,1
nails,1.136094,130.288479,46.2606,40.719,39.6306,1
nails,1.07111,129.482379,76.5015,71.4226,68.0487,1
nails,1.216832,139.8281,184.527,151.6455,146.5363,1
nails,1.084405,132.153981,194.6052,179.4581,171.2719,1
nails,1.403141,142.370559,128.1917,91.3605,81.2236,1
nails,1.105093,131.519395,175.3524,158.6766,142.1823,1
nails,1.272423,139.841954,149.1232,117.1963,111.4351,1
nails,1.358193,141.023225,134.0103,98.6681,87.6198,1
nails,1.237881,139.960775,171.9372,138.8964,133.8553,1
nails,1.194716,137.56741,159.0511,133.1288,130.5751,1
nails,1.114935,132.502121,163.087,146.2748,135.2538,1
nails,1.043055,127.866583,211.5441,202.8119,182.8581,1
nails,1.195658,136.92863,161.5915,135.1485,126.5076,1
nails,1.065532,128.878728,181.1301,169.9903,150.2455,1
nails,1.024906,126.666167,110.1814,107.5038,94.247,1
nails,1.145318,133.445315,136.5232,119.2011,111.5194,1
nails,1.094701,128.914018,88.0573,80.4395,66.7638,1
nails,0.923011,129.962452,65.3819,70.8354,86.8301,1
nails,0.858279,128.360752,61.9887,72.2244,88.2122,1
nails,0.937539,128.215513,118.1049,125.9733,139.397,1
nails,0.927189,128.93942,114.7937,123.8083,141.0714,1
nails,0.911972,128.323382,62.7858,68.8462,79.4104,1
nails,0.963913,129.148159,133.271,138.2604,151.3608,1
nails,1.080672,140.384365,60.9288,56.3805,92.8858,1
nails,1.145505,149.747504,95.7317,83.5716,147.4233,1
nails,1.165974,147.426025,152.5652,130.8479,182.5969,1
nails,1.062754,138.883695,179.7008,169.0898,203.4121,1
nails,1.18366,151.331737,86.102,72.7422,142.2939,1
nails,1.168994,149.734424,142.7713,122.1318,185.4152,1
nails,1.195598,148.271834,190.0024,158.9182,205.4668,1
nails,1.318303,151.75331,150.0455,113.8171,163.0786,1
nails,1.322441,152.081966,141.9888,107.3687,159.1654,1
nails,0.886683,136.285431,102.1958,115.2563,162.7568,1
nails,0.980335,145.884695,116.3443,118.6781,191.3866,1
nails,0.978782,139.089111,134.1739,137.0825,188.5781,1
nails,1.40902,140.752181,124.5684,88.4078,69.0223,1
nails,1.483932,145.855051,137.0028,92.3242,87.8975,1
nails,1.296543,137.477363,137.0201,105.6811,78.1193,1
nails,1.278861,138.078337,161.2722,126.1061,97.7684,1
nails,1.370291,144.894066,161.1564,117.6074,114.0117,1
nails,1.210649,134.543523,153.6651,126.9279,97.8401,1
nails,1.487878,142.939985,126.1546,84.7882,64.0648,1
nails,1.823799,142.120079,73.4795,40.2893,32.2729,1
nails,1.503877,133.970226,46.7721,31.101,24.1184,1
nails,1.071054,132.763488,159.6052,149.017,152.2889,1
nails,1.073064,132.570717,148.6826,138.5589,141.7211,1
nails,1.07071,133.059999,157.2704,146.8843,151.8162,1
nails,1.046835,130.895502,177.2058,169.2777,168.7741,1
nails,1.073441,132.572571,118.7536,110.6289,115.4112,1
nails,1.056415,131.612232,117.9333,111.6354,116.3459,1
nails,1.118576,133.595765,116.0533,103.7509,104.8648,1
nails,1.123001,134.237996,112.6069,100.2732,104.1887,1
nails,1.106247,134.2094,143.2118,129.4574,131.9396,1
nails,1.069316,130.852954,169.201,158.2329,150.9586,1
nails,1.276386,140.161368,131.715,103.1937,105.0988,1
nails,1.336041,142.265367,129.6805,97.0632,100.4242,1
nails,1.173027,133.906534,124.9305,106.5026,94.5006,1
nails,1.181208,134.472476,100.6882,85.2417,84.4161,1
nails,1.149465,132.137546,111.404,96.9181,85.9455,1
nails,1.442276,133.990065,52.3599,36.3037,29.3594,1
nails,1.197071,135.803084,120.8052,100.9173,100.0618,1
nails,1.257073,135.350543,101.8607,81.0301,72.679,1
nails,1.020044,131.529524,184.1905,180.5711,191.3222,1
nails,1.015572,133.679215,135.2909,133.2165,151.8901,1
nails,1.011674,129.57562,202.2477,199.9138,202.9975,1
nails,1.129696,133.891631,148.5023,131.4534,127.5962,1
nails,1.072917,130.424122,148.8875,138.7689,130.754,1
nails,1.102645,132.630329,149.3463,135.4436,131.1214,1
nails,1.132413,130.642506,113.1379,99.9087,84.0819,1
nails,1.096771,131.998016,180.0768,164.1882,153.1855,1
nails,1.24044,135.72844,111.3993,89.8063,80.0612,1
nails,1.176478,133.971662,125.4781,106.6558,97.8845,1
nails,1.146106,135.582281,162.0908,141.4273,139.5365,1
nails,1.176551,133.066789,111.8012,95.0246,83.6747,1
nails,1.469424,151.441122,189.5185,128.9747,128.5771,1
nails,1.799629,148.744956,101.087,56.171,62.7507,1
nails,1.712129,156.749278,161.4876,94.3197,105.4722,1
nails,1.420526,150.287334,169.8451,119.5649,136.4418,1
nails,1.350294,147.587136,190.5494,141.1169,145.8955,1
nails,1.239508,143.754617,208.7938,168.4489,174.1889,1
nails,1.092466,132.695763,118.692,108.646,110.67,1
nails,1.063994,131.704876,162.3713,152.6056,152.4506,1
nails,1.127313,133.559555,115.5943,102.5397,102.0533,1
nails,1.12742,134.846115,197.5387,175.2131,164.3106,1
nails,1.146807,133.665473,130.5818,113.8655,105.5403,1
nails,1.05438,128.491428,159.935,151.6862,134.6452,1
nails,1.099239,132.300431,112.2205,102.0893,102.256,1
nails,1.040184,130.120192,191.7518,184.3442,181.2584,1
nails,1.031919,129.888776,175.5291,170.0998,169.4401,1
nails,1.109482,133.996387,139.785,125.9912,129.7553,1
nails,1.190673,133.732117,81.6686,68.5903,69.451,1
nails,1.072926,132.91484,152.4093,142.0502,146.6489,1
nails,1.076818,132.522234,154.3726,143.3599,145.0094,1
nails,1.087625,131.794858,126.1055,115.9458,114.4218,1
nails,1.060078,131.204319,147.5763,139.2127,138.7493,1
nails,1.138479,142.347301,143.9156,126.4104,161.8893,1
nails,1.123121,141.51125,97.2866,86.6217,124.5201,1
nails,1.27425,146.558701,104.2082,81.78,122.6317,1
nails,1.016726,132.185949,20.5836,20.2449,35.2329,1
nails,1.112407,135.570362,35.4233,31.8438,54.3633,1
nails,1.315725,147.160175,82.4612,62.6735,108.1395,1
nails,1.311666,148.636554,114.078,86.9719,131.3546,1
nails,1.558918,154.034145,113.9759,73.1122,117.8315,1
nails,2.057699,138.767423,35.2458,17.1287,29.4625,1
nails,1.180701,134.075289,42.739,36.198,51.1855,1
nails,1.487051,138.631393,20.9526,14.09,39.9687,1
nails,1.221881,144.558733,92.1564,75.4217,115.4011,1
nails,1.229098,141.2004,210.0807,170.9227,163.101,1
nails,1.186652,140.628538,235.3769,198.3538,194.738,1
nails,1.301067,144.182965,177.4985,136.4254,138.7874,1
nails,1.194765,141.244141,225.8286,189.015,188.4329,1
nails,1.178328,136.739069,190.151,161.3736,149.0558,1
nails,1.162168,138.076499,209.2778,180.0754,176.9208,1
nails,1.060303,131.734343,184.1559,173.6823,171.3637,1
nails,1.014826,128.21348,220.2216,217.0044,211.5865,1
nails,1.081264,130.614603,108.5887,100.4276,94.1231,1
nails,1.010451,127.439057,129.9429,128.599,118.0653,1
nails,1.00674,127.443509,152.339,151.3191,144.7338,1
nails,1.054324,130.398929,118.6527,112.5391,106.9673,1
nails,1.167502,138.887211,175.0673,149.9503,156.1086,1
nails,1.056489,132.06437,212.3493,200.9953,201.1974,1
nails,1.130379,135.33822,143.0788,126.576,130.6034,1
nails,0.93704,124.580539,92.1285,98.3186,90.2027,1
nails,0.903895,122.683908,104.0825,115.1489,107.0347,1
nails,0.858014,117.935807,120.4695,140.4051,122.3396,1
nails,1.16176,135.097386,138.1626,118.9253,113.8958,1
nails,1.134644,131.711037,95.6915,84.3362,75.7452,1
nails,1.093564,129.393429,43.5189,39.7954,37.8944,1
nails,1.13486,135.042838,160.2067,141.1687,139.7996,1
nails,1.214102,138.772439,162.2438,133.6328,131.313,1
nails,1.155085,133.316688,147.1619,127.4034,111.8819,1
nails,1.307907,140.05416,151.3807,115.7427,100.7441,1
nails,1.350958,138.265931,120.0236,88.8433,70.1805,1
nails,1.371626,142.306205,143.9317,104.9351,94.6339,1
nails,1.373979,142.301527,167.1999,121.6903,93.96,1
nails,1.14337,132.662538,174.0246,152.2033,130.0539,1
nails,1.360204,145.630667,180.9141,133.0051,126.737,1
nails,1.90449,145.465638,84.2723,44.2493,39.2531,1
nails,1.219749,138.342462,169.8231,139.2279,131.514,1
nails,1.432287,147.289044,177.8951,124.2035,112.365,1
nails,1.224556,134.790584,97.6994,79.7835,74.3865,1
nails,1.234838,134.230625,83.6992,67.7815,64.08,1
nails,1.284605,137.7881,111.0098,86.4155,82.7,1
nails,1.12907,129.812422,88.8961,78.7339,64.1723,1
nails,1.296272,137.078176,103.1176,79.5494,73.4181,1
nails,1.093163,131.773471,154.6545,141.4744,134.1271,1
nails,1.34297,144.697473,177.6669,132.294,126.7767,1
nails,1.552047,143.973904,125.9464,81.1485,60.2192,1
nails,1.306064,141.330333,167.2826,128.0815,114.7799,1
nails,1.413085,142.646941,139.0908,98.4306,87.1587,1
nails,1.117769,133.922534,189.2519,169.3121,161.121,1
nails,1.385702,138.49996,115.8807,83.626,64.4442,1
nails,1.15629,136.871696,224.5507,194.1993,181.5597,1
nails,1.384936,136.721327,131.316,94.8174,27.5784,1
nails,1.070602,127.163804,210.9142,197.0053,160.0728,1
nails,1.144685,131.69886,205.0217,179.1075,139.9056,1
nails,1.103121,131.027725,202.2498,183.3433,159.0658,1
nails,1.399095,142.537782,154.5897,110.4927,86.1175,1
nails,1.417155,144.828938,189.3306,133.5991,93.8568,1
nails,1.089659,127.708118,193.7373,177.7963,138.838,1
nails,1.714764,152.808616,162.7548,94.9139,67.5064,1
nails,1.255066,141.562814,208.1634,165.8585,151.9141,1
nails,1.549988,143.575426,122.3323,78.9247,58.2675,1
nails,1.115626,131.839632,169.5349,151.964,135.9264,1
nails,1.280797,143.271867,198.8791,155.2776,146.4863,1
nails,1.217547,136.578862,174.1052,142.9967,120.6863,1
nails,1.279049,142.725585,203.8781,159.3981,145.4776,1
nails,1.321173,141.225093,166.3571,125.9162,104.9926,1
nails,1.448303,146.428735,173.69,119.9266,90.0874,1
nails,1.247311,140.610813,210.0807,168.427,147.273,1
nails,1.290266,138.299963,150.3433,116.5212,93.3075,1
nails,1.32532,144.147449,212.6935,160.4847,135.0706,1
nails,1.344132,137.867018,129.1361,96.074,65.9939,1
nails,1.669362,143.46596,89.1868,53.4257,50.33,1
nails,1.478899,138.11824,82.9342,56.0783,43.575,1
nails,1.423068,141.596748,114.0665,80.1554,75.6023,1
nails,1.04022,131.241948,206.2025,198.2297,200.5615,1
nails,1.183013,138.905953,140.7146,118.946,130.3965,1
nails,1.080126,134.476944,188.5449,174.5583,182.243,1
nails,1.096469,134.712924,190.9856,174.1824,177.3893,1
nails,1.100448,135.097127,159.267,144.7292,153.4667,1
nails,1.187079,139.603152,171.9428,144.8453,152.3004,1
nails,1.090414,130.446138,170.563,156.4203,138.9876,1
nails,1.361174,145.430654,171.5423,126.0252,121.8407,1
nails,1.324484,141.298721,145.5338,109.8796,102.7855,1
nails,1.238649,133.722472,99.4704,80.3056,63.059,1
nails,1.130188,131.701585,160.4848,141.9984,119.9606,1
nails,1.095726,132.169981,180.9436,165.1358,154.6645,1
nails,1.25833,137.590652,127.0915,101.0001,90.1037,1
nails,1.120502,136.77281,220.5475,196.8292,197.9897,1
nails,1.181355,136.613619,160.1711,135.5826,128.3505,1
nails,1.191097,136.874083,159.2268,133.6808,127.7956,1
nails,1.401594,137.299092,82.597,58.9308,50.3944,1
nails,1.149205,132.934001,139.2557,121.1757,108.016,1
nails,1.205405,134.463363,124.7056,103.4554,90.236,1
nails,1.118651,134.224238,186.5398,166.7542,160.6347,1
nails,1.216229,135.964533,130.0306,106.9129,98.9168,1
nails,1.109073,136.443686,153.6906,138.5757,152.2462,1
nails,1.08631,135.411122,176.4796,162.4578,174.2129,1
nails,1.058154,133.075821,172.2832,162.8148,171.145,1
nails,1.304027,145.427929,145.5834,111.6414,131.8394,1
nails,1.121234,137.017951,196.021,174.8261,181.5704,1
nails,1.144997,138.573733,191.8216,167.5302,176.3024,1
nails,1.186027,138.545669,185.7772,156.6382,153.0663,1
nails,1.459196,144.309108,110.4879,75.7183,83.5935,1
nails,1.298056,141.305382,139.4543,107.4332,108.0555,1
nails,0.997892,127.696876,165.1877,165.5366,164.1494,1
nails,0.991549,127.491363,153.6694,154.9791,154.3772,1
nails,0.982794,126.92655,119.3775,121.4675,119.173,1
nails,1.352131,141.750472,127.6614,94.4149,94.0905,1
nails,1.096739,132.220158,178.2715,162.5469,152.9171,1
nails,1.345517,141.597087,136.438,101.4019,95.6049,1
nails,1.135599,134.635716,126.0298,110.9809,114.4094,1
nails,1.1926,137.365317,120.3397,100.9053,107.9342,1
nails,1.155075,136.99129,148.0249,128.1518,133.934,1
nails,1.383791,138.929517,91.8482,66.3743,63.9089,1
nails,1.177,136.928308,151.9068,129.0627,128.7515,1
nails,1.105311,132.135917,165.2021,149.4621,138.5183,1
nails,1.252741,133.320946,75.2793,60.0917,51.1933,1
nails,1.122485,132.590329,149.3307,133.0358,122.607,1
nails,1.093498,131.728182,182.7204,167.0971,154.5924,1
nails,0.907565,129.262947,121.1354,133.473,154.944,1
nails,0.895466,130.644151,100.9681,112.7547,137.9135,1
nails,0.96778,128.738407,174.1561,179.9542,192.5475,1
nails,0.95058,133.267738,91.9778,96.7596,123.0926,1
nails,0.931414,131.740956,62.6185,67.2294,86.7163,1
nails,0.790693,128.415864,43.1591,54.584,70.4344,1
nails,1.214421,139.477847,141.532,116.5428,120.748,1
nails,1.116509,133.907066,138.9284,124.431,123.0859,1
nails,1.116311,134.867067,148.3345,132.8792,135.2172,1
nails,1.127037,134.45059,123.0516,109.1815,111.9216,1
nails,1.120564,135.837293,169.9524,151.6668,154.9157,1
nails,1.073268,133.774746,193.4814,180.2732,184.5411,1
nails,1.118504,134.823987,140.6109,125.7133,128.8721,1
nails,1.083952,133.496137,169.5499,156.4183,158.1928,1
nails,1.099681,135.669199,163.6133,148.7825,157.5667,1
nails,1.096245,135.328172,168.9678,154.1332,162.6746,1
nails,1.077264,133.956743,178.2407,165.4569,170.902,1
nails,1.089401,134.160594,146.6378,134.6041,140.3912,1
nails,1.059483,131.680505,182.9465,172.6752,170.2728,1
nails,1.06353,132.197287,190.4596,179.0825,177.9528,1
nails,1.055076,131.449912,168.0501,159.2777,157.704,1
nails,1.08194,133.270673,175.349,162.0691,162.1892,1
nails,1.083839,133.647506,192.2714,177.3985,176.5507,1
nails,1.060402,130.773858,164.2757,154.9183,148.6947,1
nails,1.020493,128.47088,189.076,185.279,179.4501,1
nails,1.005899,128.192981,185.9706,184.88,183.1401,1
nails,1.012101,128.11874,108.425,107.1286,102.7579,1
nails,1.256573,142.249754,99.4044,79.1075,105.6746,1
nails,1.164243,138.764391,133.5799,114.7354,130.2568,1
nails,1.123119,138.095886,139.8771,124.5435,142.7595,1
nails,1.342227,143.203964,90.0054,67.0567,91.6504,1
nails,1.107508,137.769262,124.4227,112.3447,135.3365,1
nails,1.278563,140.317124,90.4301,70.7279,89.9093,1
nails,1.532196,146.487444,86.8345,56.6732,84.5411,1
nails,1.303645,141.215432,91.0264,69.8245,89.5894,1
nails,1.228974,139.576926,92.368,75.1586,95.0959,1
nails,1.625475,137.121337,42.3279,26.0403,37.4784,1
nails,1.400269,139.532379,77.7428,55.5199,68.2682,1
nails,1.205387,140.188771,122.9781,102.0238,122.4946,1
nails,1.254335,143.941775,121.2849,96.6926,124.1849,1
nails,1.377199,148.511701,119.9572,87.1023,119.2258,1
nails,1.167684,142.458235,165.8249,142.0119,167.3896,1
nails,1.105339,136.362752,141.0812,127.6361,143.0728,1
nails,1.115162,136.834164,93.9246,84.225,105.9599,1
nails,1.290616,138.461783,75.6658,58.6277,75.6055,1
nails,1.140796,137.078579,70.0815,61.4321,83.4291,1
nails,1.263324,142.528475,116.169,91.955,115.504,1
nails,1.150668,140.385429,110.6782,96.186,124.7988,1
nails,1.04277,129.917695,125.1855,120.051,119.6503,1
nails,1.025437,128.936017,142.508,138.9729,136.5312,1
nails,1.032808,129.157352,126.8532,122.8235,120.6033,1
nails,1.147099,135.760246,183.2828,159.7794,152.9555,1
nails,1.241299,141.328108,173.6883,139.9247,142.0797,1
nails,1.13494,134.595103,151.4641,133.4556,130.9651,1
nails,1.38554,140.579668,130.0539,93.8651,75.1623,1
nails,1.133152,132.774552,177.7492,156.8626,137.3306,1
nails,1.204092,135.989016,157.3542,130.6828,114.4273,1
nails,1.399753,141.822196,121.2461,86.6196,80.6086,1
nails,2.16303,147.57841,78.5934,36.3349,38.7675,1
nails,1.521671,144.455638,121.6096,79.9185,68.6452,1
nails,1.752328,138.160868,54.4286,31.0608,29.5553,1
nails,1.298,142.893453,166.4842,128.262,126.5196,1
nails,1.565707,139.31943,77.4811,49.4863,39.6665,1
nails,1.475723,138.044919,64.0316,43.39,46.294,1
nails,1.264609,141.47567,144.7534,114.465,121.2436,1
nails,1.211369,138.411155,149.2166,123.1802,122.2403,1
nails,1.173783,134.223383,143.0219,121.8469,109.4495,1
nails,1.951733,145.449767,86.404,44.2704,30.8356,1
nails,1.220113,135.276447,146.7697,120.2919,99.5912,1
nails,1.223117,136.582281,132.2354,108.1135,98.4593,1
nails,1.434563,141.456186,110.6903,77.1596,68.3978,1
nails,1.506087,136.334704,59.3397,39.3999,33.3977,1
nails,1.078202,131.063757,130.0894,120.654,116.9666,1
nails,1.030668,129.20119,169.6867,164.6375,160.8761,1
nails,1.103047,132.000516,110.5776,100.2474,98.705,1
nails,1.043004,129.241786,126.1984,120.995,116.6922,1
nails,1.072865,130.98892,121.3204,113.0808,111.6086,1
nails,1.143071,130.187481,42.4763,37.1598,36.7183,1
nails,1.330644,138.505314,123.8821,93.0994,78.1377,1
nails,1.486565,146.53554,138.3048,93.0365,92.109,1
nails,1.230505,133.589361,105.2309,85.5185,69.1855,1
nails,1.106989,137.491508,190.5997,172.1784,185.7334,1
nails,1.160979,140.281221,174.903,150.6513,166.3863,1
nails,1.079936,135.723601,204.1335,189.0236,201.2242,1
nails,1.155395,135.443848,142.0394,122.9358,121.8241,1
nails,1.181565,135.903679,128.3028,108.5871,107.5227,1
nails,1.084209,132.388655,159.1292,146.7698,144.842,1
nails,1.185447,136.631748,121.5022,102.4948,106.9658,1
nails,1.150349,135.206706,143.3843,124.6442,123.4271,1
nails,1.133085,134.601474,125.8892,111.103,114.2781,1
nails,1.121542,131.157949,35.7146,31.8442,38.8244,1
nails,1.129847,131.181594,41.8011,36.9971,42.1571,1
nails,1.09957,134.609248,124.4136,113.1475,123.5112,1
nails,1.081852,132.834922,109.1761,100.916,107.314,1
nails,1.105572,131.432799,51.4904,46.5736,52.666,1
nails,1.102199,132.10316,63.7363,57.8265,64.4721,1
nails,1.068627,132.126885,147.4596,137.9898,139.8744,1
nails,1.075771,133.198287,167.3228,155.5375,158.8451,1
nails,1.127455,132.648312,96.4892,85.5815,85.467,1
nails,1.110143,134.072144,168.3878,151.6812,148.2767,1
nails,1.116197,133.697473,145.222,130.1043,127.2375,1
nails,1.171443,133.966275,87.9967,75.1182,77.0722,1
nails,1.274698,138.16182,138.1244,108.3586,90.7246,1
nails,1.196563,139.017838,177.3697,148.2326,145.3162,1
nails,1.31398,138.863486,137.3292,104.5139,82.9667,1
nails,1.309899,144.15361,175.1476,133.7108,131.5612,1
nails,1.403542,146.574991,160.5006,114.3539,113.7275,1
nails,1.174869,134.053644,152.09,129.4528,108.988,1
nails,1.539016,151.829245,172.4687,112.0643,109.5275,1
nails,1.331977,143.799487,182.5305,137.0373,124.8842,1
nails,1.559318,146.054386,122.4392,78.521,72.9535,1
nails,1.097851,132.055209,210.4918,191.7308,175.2668,1
nails,2.202544,156.390897,125.1019,56.7988,48.4471,1
nails,1.213439,136.413526,169.4816,139.6705,119.1868,1
nails,1.71333,153.6087,149.6754,87.3593,85.2665,1
nails,1.527247,147.362655,142.8153,93.5116,86.2842,1
nails,1.198088,138.566136,222.0318,185.3218,166.9172,1
nails,1.203436,135.934211,153.0342,127.1644,113.4966,1
nails,1.213101,133.956307,128.8931,106.2509,86.3564,1
nails,1.406212,141.636828,114.0293,81.0897,78.3203,1
nails,1.782888,145.563813,91.9845,51.593,46.4346,1
nails,1.602793,147.559055,125.8723,78.5331,75.2296,1
nails,1.32143,141.306253,136.1783,103.0537,102.1399,1
nails,1.409889,142.481186,141.6587,100.475,85.2994,1
nails,1.214995,139.040774,191.106,157.2896,147.4955,1
nails,1.175391,137.349591,189.0946,160.878,154.8076,1
nails,1.206873,135.122514,169.3571,140.3272,114.3793,1
nails,1.233628,139.561184,193.0643,156.5012,142.5376,1
nails,1.28572,138.730859,143.1315,111.324,99.8102,1
nails,1.021977,137.654812,109.4918,107.1373,144.0958,1
nails,1.104443,140.963194,161.8274,146.5241,182.8418,1
nails,1.167343,147.732569,118.6959,101.6804,158.878,1
nails,1.040339,139.210464,156.8668,150.7844,192.3197,1
nails,0.992674,133.238916,166.1734,167.3998,194.328,1
nails,0.852277,135.042661,79.9988,93.8648,137.181,1
nails,1.3963,134.574475,69.9248,50.0787,33.7496,1
nails,1.298254,140.311011,148.9773,114.752,105.9255,1
nails,1.102897,130.436719,164.1418,148.8279,128.7008,1
nails,1.124675,132.6082,180.9581,160.8981,143.4459,1
nails,1.094174,130.164433,181.5154,165.8926,143.8451,1
nails,1.177259,132.686166,147.7781,125.5272,98.8337,1
nails,1.671978,148.597136,128.1011,76.6165,66.07,1
nails,1.455641,139.306802,95.8376,65.8387,51.8736,1
nails,1.674445,145.781487,107.3128,64.0886,55.3595,1
nails,1.119943,132.309269,99.6991,89.0216,87.8939,1
nails,1.098021,129.81289,51.7722,47.1504,45.7526,1
nails,1.055867,129.585829,147.929,140.102,132.0481,1
nails,1.166488,131.586216,68.4743,58.7012,54.6371,1
nails,1.073669,131.528475,142.3456,132.5787,131.1763,1
nails,1.126163,132.399526,102.0514,90.6186,88.5167,1
nails,1.424353,146.006032,162.3849,114.0061,97.5621,1
nails,1.391863,144.910356,176.8231,127.0406,95.8424,1
nails,1.286864,142.004919,187.1626,145.4409,126.2893,1
nails,1.226771,136.13674,142.7787,116.3857,101.2001,1
nails,2.136088,138.436283,44.2907,20.7345,18.42,1
nails,1.390602,144.183545,166.4473,119.6944,101.688,1
nails,1.225286,137.590878,162.2922,132.4525,119.7356,1
nails,1.408611,142.413655,123.9652,88.0053,82.5888,1
nails,1.739796,135.622377,43.6207,25.0723,21.4206,1
nails,1.180588,137.777197,146.8855,124.4173,126.1698,1
nails,1.442014,145.668957,124.8736,86.5967,95.4403,1
nails,1.096254,134.912905,167.672,152.95,158.6124,1
nails,1.198828,139.963904,227.8535,190.0635,172.5877,1
nails,1.191439,135.267496,204.7153,171.8219,135.9472,1
nails,1.127482,130.724133,200.5945,177.9137,139.8739,1
nails,1.095287,132.582991,157.5659,143.8581,139.4001,1
nails,1.102543,135.047838,197.9795,179.5662,181.022,1
nails,1.080286,133.444154,172.0408,159.2549,162.2591,1
nails,1.163992,137.07437,161.3034,138.5778,141.0955,1
nails,1.100451,134.129417,179.2274,162.8672,163.1592,1
nails,1.270848,140.372462,123.4219,97.1177,105.1566,1
nails,1.067353,131.51375,174.6639,163.6421,160.3323,1
nails,1.103995,134.133078,164.1988,148.7315,150.0875,1
nails,1.250141,137.055902,116.2147,92.9612,86.9879,1
nails,1.225462,138.8001,144.4923,117.9084,117.7914,1
nails,1.098285,133.72323,183.1279,166.7399,164.5177,1
nails,1.179743,136.731279,151.6717,128.5632,125.5115,1
nails,1.120616,134.216319,166.6164,148.6829,144.1064,1
nails,1.083636,132.039386,181.9641,167.9199,160.8174,1
nails,1.170136,137.385994,166.9325,142.6607,141.1862,1
nails,1.53503,149.793503,182.0365,118.5883,87.6343,1
nails,1.823377,153.094095,152.1104,83.4224,39.3935,1
nails,1.257446,138.320237,189.9821,151.0858,115.9355,1
nails,1.935519,161.5957,184.8287,95.4931,66.6166,1
nails,1.384061,142.794503,186.9301,135.0591,73.8631,1
nails,1.242016,138.032645,200.228,161.2121,128.0685,1
nails,0.969651,122.155836,175.1661,180.6485,158.4439,1
nails,0.986064,122.745327,135.2637,137.1754,111.6127,1
nails,1.005161,124.12553,153.433,152.6453,129.0417,1
nails,1.25241,135.134966,103.4669,82.6142,68.5957,1
nails,1.363559,139.920921,121.5967,89.176,74.7028,1
nails,1.087234,130.943904,174.1929,160.2166,146.369,1
nails,1.184284,134.763826,142.0403,119.9377,107.811,1
nails,1.579925,143.863954,100.3355,63.5065,59.9331,1
nails,1.580207,148.747778,135.1923,85.5535,83.4055,1
nails,1.158398,135.691069,178.4563,154.0543,144.7662,1
nails,1.225235,140.354494,177.6258,144.9729,143.8948,1
nails,1.429328,143.560346,128.2664,89.7389,84.3716,1
nails,1.131268,134.53754,169.3763,149.7225,143.0531,1
nails,1.24617,139.306785,131.0598,105.1701,107.6822,1
nails,1.051423,131.21248,191.6336,182.2612,181.2108,1
nails,1.247464,139.036709,124.1736,99.5408,103.9197,1
nails,1.147659,134.916421,127.1915,110.8269,112.0012,1
nails,1.204783,139.340543,181.1764,150.3809,147.2827,1
nails,1.116562,135.50625,184.5578,165.2911,166.1029,1
nails,1.044476,130.535878,223.3306,213.8206,209.2345,1
nails,1.101972,133.855051,169.2127,153.5544,152.6839,1
nails,1.045194,127.57462,199.1523,190.541,168.2302,1
nails,1.458683,141.467121,117.7931,80.753,65.1854,1
nails,1.055181,127.612942,182.4767,172.934,148.5517,1
nails,1.125212,132.730198,203.325,180.6994,157.9997,1
nails,1.215007,133.172497,159.5157,131.2879,87.1122,1
nails,1.503655,148.316866,169.1098,112.4658,89.7235,1
nails,1.316578,139.762843,156.1388,118.5944,96.3061,1
nails,2.051048,150.564459,104.2347,50.8202,44.4149,1
nails,1.906913,149.718892,101.7483,53.3576,50.217,1
nails,1.709814,155.750552,156.6079,91.5935,98.4864,1
nails,1.519258,154.242674,189.6207,124.8114,130.1489,1
nails,1.628991,159.629522,198.5007,121.855,134.6557,1
nails,1.509662,153.097515,192.9153,127.7871,125.173,1
nails,2.160594,169.485089,183.9542,85.1406,109.8566,1
nails,1.132251,135.310818,156.4277,138.1563,139.7385,1
nails,1.070826,133.468234,199.7675,186.5546,190.6066,1
nails,1.106869,135.377671,198.8686,179.6676,182.2433,1
nails,1.157733,136.619071,141.1008,121.8768,127.93,1
nails,1.107215,136.841067,218.5132,197.3538,205.0128,1
nails,1.126543,132.031693,166.1028,147.4447,128.2213,1
nails,1.173199,134.730875,172.5038,147.0371,127.9735,1
nails,1.145595,130.755617,152.9168,133.4824,100.8693,1
nails,1.072126,129.994597,166.8141,155.5918,142.574,1
nails,1.087535,132.445396,207.4719,190.7727,179.8507,1
nails,1.078548,128.762278,177.6447,164.7074,139.9234,1
nails,1.348167,139.985162,149.9982,111.2608,83.4546,1
nails,1.721422,143.822084,97.3497,56.5519,42.8587,1
nails,1.161497,134.672812,128.0538,110.2489,107.8472,1
nails,1.135684,134.692747,153.6797,135.3191,133.3421,1
nails,1.240954,137.56933,108.846,87.7115,91.5725,1
nails,1.327148,145.346946,143.857,108.3956,116.6745,1
nails,1.150893,137.875583,165.5451,143.8405,151.6305,1
nails,1.250802,143.96221,160.6576,128.4437,143.0429,1
nails,1.120818,135.491395,162.8444,145.2907,150.1392,1
nails,1.126302,135.511314,183.4019,162.8355,161.6011,1
nails,1.572478,149.128837,148.4576,94.41,89.9041,1
nails,1.277345,140.996597,179.9853,140.9058,127.5207,1
nails,1.297596,141.725972,136.31,105.0481,108.1123,1
nails,1.273916,139.197642,151.983,119.3038,104.5068,1
nails,1.344186,137.640812,110.4812,82.1919,63.2846,1
nails,1.108113,130.929582,186.5728,168.3699,143.0987,1
nails,1.241419,135.916308,144.6443,116.5153,95.5469,1
nails,1.375699,143.249351,147.542,107.2488,100.2547,1
nails,1.180105,135.189836,155.1055,131.4337,119.1559,1
nails,1.186979,139.90376,222.0854,187.1013,181.9746,1
nails,1.447695,146.521314,162.045,111.9331,100.424,1
nails,1.062938,131.746972,215.8172,203.0383,198.744,1
nails,1.203296,136.584829,162.8183,135.3103,122.2815,1
nails,1.169096,133.10445,187.4944,160.3755,125.6275,1
nails,1.247413,139.439606,169.4563,135.8462,125.3429,1
nails,1.263937,139.250867,160.2289,126.7697,113.6928,1
nails,1.129498,133.169642,193.4786,171.296,152.6947,1
nails,1.280681,139.309414,155.0306,121.0533,102.6168,1
nails,1.153011,134.438154,178.166,154.5224,137.0148,1
nails,1.323029,139.38272,123.775,93.5543,79.5772,1
nails,1.105848,134.175642,205.5814,185.9039,179.9119,1
nails,1.053261,130.999597,91.6953,87.0585,92.4381,1
nails,1.078412,132.931211,122.5128,113.6049,120.2908,1
nails,1.067772,131.659522,120.5978,112.9435,115.7475,1
nails,1.076723,134.228238,160.832,149.3718,159.0424,1
nails,1.110995,136.221706,161.3024,145.1874,155.7275,1
nails,1.14071,135.369478,126.9213,111.2651,117.4842,1
nails,1.141896,132.420445,63.8265,55.8951,61.9105,1
nails,1.080633,133.145498,98.6243,91.2653,101.4543,1
nails,1.140189,133.172271,78.7851,69.0983,74.9995,1
nails,1.228559,137.091015,187.5609,152.6674,121.9064,1
nails,1.162779,133.564249,180.5345,155.2613,129.3024,1
nails,1.267361,140.119805,174.3943,137.6043,124.1063,1
nails,1.322891,144.605522,193.1619,146.015,136.3991,1
nails,1.349196,141.685699,151.771,112.49,99.0698,1
nails,1.285708,138.350962,171.8156,133.6351,99.5688,1
nails,1.522915,145.814261,135.6271,89.0576,79.0518,1
nails,1.121506,134.492895,192.5462,171.6854,164.0487,1
nails,1.465295,147.787713,181.4797,123.8519,100.5253,1
nails,1.121474,137.156127,106.6222,95.0733,109.3931,1
nails,1.024423,132.188852,122.8564,119.9274,129.8339,1
nails,0.933972,130.189868,110.9037,118.7441,132.4555,1
nails,1.072993,135.735311,141.4881,131.863,148.953,1
nails,0.959186,129.338882,146.9311,153.1832,166.1607,1
nails,0.9566,130.608071,127.3833,133.1625,149.0648,1
nails,1.347343,137.896163,112.2799,83.3343,66.8967,1
nails,1.257542,141.062918,176.4759,140.3341,135.7656,1
nails,1.466721,138.112224,82.7118,56.3923,46.3022,1
nails,1.109285,134.395897,169.4627,152.7676,151.8179,1
nails,1.186267,140.223303,138.7881,116.9957,131.5286,1
nails,1.108611,135.547201,205.9709,185.7919,186.5425,1
nails,1.086826,130.726682,194.8236,179.2592,157.0963,1
nails,1.048326,129.763907,221.1507,210.9561,199.216,1
nails,1.070218,129.502589,167.6527,156.6528,140.0131,1
nails,1.202551,136.605748,148.9891,123.8943,116.7738,1
nails,1.353969,135.230609,76.6695,56.6257,47.0349,1
nails,1.222209,132.598313,88.0709,72.0587,58.3995,1
nails,1.130296,136.408816,223.8327,198.0301,192.292,1
nails,1.296843,138.289947,144.8441,111.6898,87.4562,1
nails,1.177021,138.879808,203.0712,172.5297,168.807,1
nails,1.527879,145.734117,128.1787,83.8932,72.9002,1
nails,1.150086,134.154062,192.5869,167.4543,146.0225,1
nails,1.272336,139.852502,163.1235,128.2079,114.8389,1
nails,1.380974,147.289431,201.2426,145.7251,131.2007,1
nails,1.373185,142.731182,170.671,124.2884,97.1875,1
nails,1.259255,139.293834,187.0266,148.5217,125.2468,1
nails,1.175869,135.599974,175.8972,149.5891,132.6401,1
nails,1.177508,137.858341,212.158,180.1754,165.9504,1
nails,1.088595,132.535588,223.6395,205.4388,192.6947,1
nails,1.220529,136.180062,146.7676,120.2491,104.7275,1
nails,1.458704,151.547636,195.8422,134.2577,128.9764,1
nails,1.35899,145.528911,196.0449,144.2578,119.2567,1
nails,1.118095,132.455106,200.3766,179.2125,156.4053,1
nails,1.15162,133.840406,178.9489,155.3888,135.255,1
nails,1.421371,144.273367,132.559,93.2614,88.623,1
nails,1.309347,141.088982,134.9898,103.097,98.9809,1
nails,1.354146,143.733246,150.5663,111.1891,104.6664,1
nails,1.213728,137.034935,153.8094,126.7247,109.9271,1
nails,1.415197,149.247577,177.1396,125.1696,131.4185,1
nails,1.042765,131.061064,212.8424,204.1134,203.2944,1
nails,1.144824,138.327704,194.9448,170.2837,176.2295,1
nails,1.191819,140.634183,204.9733,171.9836,174.2374,1
nails,1.220004,143.190642,209.31,171.565,178.4781,1
nails,1.187264,140.169288,182.4721,153.6913,161.0597,1
nails,1.268627,142.792358,184.1893,145.1879,144.6088,1
nails,1.462629,155.95863,200.8389,137.3137,164.5523,1
nails,1.496501,153.808245,181.662,121.3912,139.0992,1
nails,1.395609,146.45688,160.7285,115.1673,116.1984,1
nails,1.141189,140.116659,230.7822,202.2297,213.7526,1
nails,1.193171,138.583168,164.5524,137.9118,139.458,1
nails,1.335979,146.643586,187.8782,140.6296,145.2911,1
nails,1.417966,149.590232,191.2628,134.8853,131.7449,1
nails,1.24288,145.028,207.4036,166.8733,179.2201,1
nails,1.13653,132.914034,169.7024,149.3162,131.8308,1
nails,1.430264,141.130208,109.5475,76.5925,69.8311,1
nails,1.78037,144.268189,86.4649,48.5657,38.6121,1
nails,1.140446,136.73744,202.0341,177.1536,172.1969,1
nails,1.261838,134.110982,73.5613,58.2969,51.3362,1
nails,1.385694,142.684376,126.8986,91.5776,84.5306,1
nails,1.107475,133.479799,172.4626,155.726,149.998,1
nails,1.210822,139.52962,178.3648,147.3089,143.3602,1
nails,1.08054,131.765826,185.9315,172.0728,163.8428,1
nails,1.130495,132.75002,168.8677,149.375,130.9208,1
nails,1.232654,134.289108,124.9602,101.3749,75.5927,1
nails,1.114235,134.309995,192.7699,173.0066,166.8521,1
nails,1.207519,139.640135,180.9193,149.8273,147.4423,1
nails,1.200315,138.121304,186.0798,155.0258,143.4242,1
nails,1.135128,135.270705,184.287,162.3491,155.1321,1
nails,1.23315,138.366897,169.3818,137.357,121.7991,1
nails,1.520129,145.048935,111.816,73.5569,73.373,1
nails,1.589218,149.304156,136.6038,85.9566,83.594,1
nails,1.304455,141.78902,171.4023,131.3977,114.4159,1
nails,1.316023,142.285753,158.5274,120.4595,111.8417,1
nails,1.349103,139.208593,106.5302,78.9637,71.319,1
nails,1.143445,134.635941,178.1076,155.7641,143.8477,1
nails,1.405041,143.388703,128.566,91.5034,89.5141,1
nails,1.410189,147.476105,157.2586,111.516,116.5171,1
nails,1.123763,130.593458,127.5577,113.5094,95.3821,1
nails,1.119352,129.634845,92.201,82.37,67.7329,1
nails,1.120639,130.350801,87.2523,77.8594,67.652,1
nails,1.305676,137.700069,106.5643,81.6162,75.3883,1
nails,1.10513,132.450912,153.6081,138.9955,132.3706,1
nails,1.210861,134.14082,103.1634,85.1984,75.7109,1
nails,1.112052,130.880389,113.4467,102.0157,89.5922,1
nails,1.143154,134.453638,146.1092,127.8123,121.7017,1
nails,1.234259,133.814116,74.7281,60.5449,57.162,1
nails,1.068953,130.904034,199.0762,186.2348,174.975,1
nails,1.105298,131.454654,151.2378,136.8298,123.6685,1
nails,1.147063,132.407639,152.8064,133.2153,111.2324,1
nails,1.045877,129.006226,181.7313,173.7598,162.0332,1
nails,1.070398,128.609055,165.4092,154.5305,130.4843,1
nails,1.073715,129.549185,200.8682,187.0777,163.35,1
nails,1.043663,128.989984,207.595,198.91,185.8712,1
nails,1.071301,131.387058,197.3614,184.2259,174.9582,1
nails,1.068754,129.239722,157.121,147.0132,129.7015,1
nails,1.110692,132.110063,152.9629,137.7186,126.672,1
nails,1.083836,131.444703,135.764,125.2624,121.6544,1
nails,1.164956,134.18761,124.0797,106.5102,99.9786,1
nails,1.045822,129.875067,207.5297,198.437,190.0179,1
nails,1.041833,129.03829,229.2077,220.0044,206.0111,1
nails,1.117211,132.245899,157.9926,141.417,127.5951,1
nails,1.121471,134.238803,174.7278,155.8024,148.2177,1
nails,1.095823,130.340059,146.9252,134.0775,114.9169,1
nails,1.130442,133.276221,166.9869,147.7183,132.3674,1
nails,1.135803,134.518169,203.2313,178.9318,164.2725,1
nails,1.20234,138.903679,200.0421,166.3773,154.3881,1
nails,1.192888,137.181562,201.9078,169.2597,147.5821,1
nails,1.222539,136.759681,132.5436,108.4166,95.4778,1
nails,1.072007,130.256367,188.2195,175.5767,160.6883,1
nails,1.172845,132.297189,118.0904,100.6871,76.7261,1
nails,1.085095,130.96842,211.5461,194.9564,174.9953,1
nails,1.217768,139.459702,180.9445,148.587,139.8585,1
nails,1.160518,135.717827,195.3599,168.3386,151.1215,1
nails,1.096768,131.308318,207.9978,189.6462,165.5596,1
nails,1.151066,135.028741,182.2022,158.29,143.6829,1
nails,1.064829,129.638635,230.6163,216.576,193.1765,1
nails,1.14364,132.665667,178.7091,156.2634,124.2501,1
nails,1.112224,133.912518,215.8689,194.0876,180.7101,1
nails,1.130085,133.697198,175.2656,155.0906,139.8397,1
nails,1.111515,129.762423,110.5472,99.4563,79.2784,1
nails,1.159778,132.132546,116.4898,100.4414,80.7437,1
nails,1.279868,137.247093,111.9272,87.4521,74.3382,1
nails,1.141031,131.85847,161.8505,141.8458,118.8971,1
nails,1.131885,130.54112,142.2225,125.6511,102.4427,1
nails,1.156076,132.483702,157.5179,136.2521,113.8304,1
nails,1.171911,132.251496,173.4313,147.9901,109.7401,1
nails,1.241588,140.232077,201.782,162.5193,145.5344,1
nails,1.1893,136.53854,187.3169,157.5018,140.3759,1
nails,1.302983,136.993145,84.9007,65.1587,70.1376,1
nails,1.251957,138.883615,124.0081,99.0515,106.1485,1
nails,1.143213,134.08487,137.442,120.2244,118.2974,1
nails,1.257676,137.49354,106.2138,84.4524,88.8674,1
nails,1.08247,133.075079,175.2533,161.9013,163.7405,1
nails,1.139584,133.806987,139.3018,122.2391,118.9333,1
nails,1.296192,134.635554,76.2709,58.8423,55.3807,1
nails,1.166281,135.967791,140.3416,120.3325,122.7385,1
nails,1.305978,138.040419,108.5309,83.1031,81.477,1
nails,1.039368,131.878228,187.102,180.0152,187.1067,1
nails,1.102577,136.448702,165.9995,150.5559,165.0875,1
nails,1.035772,131.496734,204.9239,197.8466,203.3207,1
nails,1.182166,137.150578,146.322,123.7745,125.3696,1
nails,1.234287,139.085789,139.5118,113.0302,116.1602,1
nails,1.508139,141.869099,95.7883,63.5142,60.5097,1
nails,1.285327,136.94292,97.0317,75.4918,73.813,1
nails,1.332656,135.465815,74.2154,55.6898,50.3235,1
nails,1.444177,132.755843,37.5143,25.9762,22.777,1
nails,1.214639,135.832454,113.37,93.3364,89.9655,1
nails,1.320172,134.561846,64.3303,48.7287,45.218,1
nails,1.184399,135.124643,118.474,100.0287,96.8556,1
nails,1.068081,133.584684,93.3249,87.3762,99.5839,1
nails,1.053276,133.214029,110.4118,104.827,116.7228,1
nails,1.232571,136.296882,69.6766,56.5295,68.1286,1
nails,1.218951,140.17232,146.9185,120.5286,128.9247,1
nails,1.062409,133.245593,152.9499,143.9651,152.4415,1
nails,1.207417,138.352317,105.9354,87.7372,99.1073,1
nails,1.06171,133.607813,163.427,153.9281,163.3198,1
nails,1.063975,133.093886,169.8266,159.6152,165.4699,1
nails,1.105257,135.923017,156.4349,141.5371,150.8391,1
nails,1.024075,130.813197,167.1684,163.2383,168.2091,1
nails,1.009646,131.479702,145.6715,144.2797,154.5439,1
nails,1.030288,131.399768,160.6642,155.9411,161.8191,1
nails,1.030492,132.60549,172.7886,167.6757,181.5238,1
nails,1.073497,134.579845,88.6542,82.5846,99.569,1
nails,1.019144,133.188174,164.8496,161.7529,180.3687,1
nails,1.0348,133.620442,116.9113,112.9796,128.8961,1
nails,1.02757,131.133143,182.6785,177.7771,184.1631,1
nails,1.019517,130.467751,173.8108,170.4834,176.0934,1
nails,1.035977,132.204368,137.0576,132.298,142.9496,1
nails,1.062302,133.857422,142.6588,134.2922,146.8002,1
nails,1.006737,132.176546,91.8843,91.2694,107.5383,1
nails,1.175668,132.152078,93.3355,79.3893,67.8129,1
nails,1.066347,129.886195,137.3851,128.8372,120.5755,1
nails,1.158847,132.521734,93.8817,81.013,75.0191,1
nails,1.442767,149.249786,173.8556,120.5015,121.8225,1
nails,1.43825,142.20519,118.1517,82.1496,74.3233,1
nails,1.267693,139.7916,163.4611,128.9437,117.5082,1
nails,1.002237,128.385042,155.2456,154.8991,153.5806,1
nails,0.967742,126.755617,139.9342,144.5986,143.2286,1
nails,0.998035,127.906985,172.9006,173.2411,171.5955,1
nails,0.998526,128.131772,121.7461,121.9258,118.9412,1
nails,1.051056,130.789939,99.305,94.4812,91.5748,1
nails,1.011502,128.418848,143.1341,141.5065,137.2539,1
nails,1.096709,135.547233,195.6188,178.3689,179.1982,1
nails,1.080682,133.112305,181.9501,168.366,165.1978,1
nails,1.087282,133.805181,165.6118,152.3173,153.9173,1
nails,1.158529,139.087724,182.1508,157.2259,162.6517,1
nails,1.091989,133.723343,184.3735,168.8418,167.2406,1
nails,1.046049,131.244399,188.2819,179.9934,179.4275,1
nails,1.054544,132.124288,218.632,207.3236,205.7173,1
nails,1.108442,134.565168,127.4336,114.9664,114.6402,1
nails,1.138328,136.111224,157.1974,138.0951,138.383,1
nails,1.206658,140.334882,177.9807,147.4989,150.3843,1
nails,1.038026,130.692473,196.2188,189.0307,189.5339,1
nails,1.111535,135.431316,187.3503,168.551,170.0659,1
nails,1.165307,133.253931,122.8232,105.3999,93.0371,1
nails,1.223628,138.427525,164.1789,134.1738,122.4645,1
nails,1.219092,138.452525,162.7932,133.5365,126.0954,1
nails,1.130171,133.190271,139.7798,123.6802,114.6757,1
nails,1.043219,128.995871,159.331,152.7301,138.8449,1
nails,1.009762,127.724053,183.0607,181.2909,173.7692,1
nails,1.121081,134.759068,161.2564,143.8401,138.0687,1
nails,1.107109,134.62899,174.6551,157.7578,158.7673,1
nails,1.066657,130.940549,151.7988,142.3127,134.6646,1
nails,1.104111,131.49746,141.4868,128.1455,117.3306,1
nails,1.128504,131.80181,120.1134,106.436,95.8982,1
nails,1.150387,134.103111,121.4842,105.6029,103.1156,1
nails,1.134983,133.101982,162.6809,143.3334,130.1977,1
nails,1.177444,135.168578,150.4143,127.7465,118.2379,1
nails,1.106447,132.084499,184.4815,166.7332,152.0366,1
nails,1.034161,128.338398,200.6962,194.0667,182.5642,1
nails,1.032314,127.865454,205.3274,198.9002,185.0927,1
nails,1.083622,130.409832,165.4308,152.6647,138.8472,1
nails,1.423071,146.662134,153.2218,107.6698,109.6465,1
nails,1.104617,132.734924,215.9444,195.4925,179.6971,1
nails,1.10678,133.636651,184.9447,167.1016,161.9255,1
nails,1.097288,133.411251,210.1869,191.5512,184.1583,1
nails,1.361951,146.040903,175.1895,128.6313,128.0884,1
nails,1.151753,137.546991,226.7729,196.8937,189.2038,1
nails,1.185067,133.546265,136.2508,114.9731,94.3504,1
nails,1.1121,128.796648,173.734,156.2216,116.0754,1
nails,1.146587,130.492734,145.2863,126.7119,93.533,1
nails,1.404213,139.20869,129.374,92.1327,47.5877,1
nails,1.208081,135.868954,168.6447,139.5972,115.1944,1
nails,1.566478,145.560426,123.3904,78.7693,59.555,1
nails,1.353833,140.199852,128.6434,95.0216,77.6718,1
nails,1.177967,133.630151,138.1156,117.2492,97.4564,1
nails,1.175644,132.187497,137.1487,116.6584,86.4887,1
nails,1.228758,139.261899,162.476,132.2278,125.7706,1
nails,1.116651,135.719246,215.9212,193.365,189.8658,1
nails,1.110378,130.446041,165.4489,149.0022,121.5539,1
nails,1.218592,133.005548,115.8104,95.0362,70.3714,1
nails,1.455858,143.858325,135.0215,92.7436,78.9359,1
nails,1.163123,131.283737,121.0125,104.041,81.1728,1
nails,1.194847,134.767907,137.4422,115.029,101.802,1
nails,1.134465,131.580378,143.0945,126.1339,106.9717,1
nails,1.076732,132.720811,204.5126,189.9383,186.2927,1
nails,1.083087,129.597087,165.4413,152.7498,133.0657,1
nails,1.324012,142.931469,161.0756,121.6572,116.8998,1
nails,1.343398,142.88055,159.7553,118.9188,108.8811,1
nails,1.239886,139.14474,169.2044,136.4678,124.2771,1
nails,1.471376,149.36772,180.3872,122.5977,110.8612,1
nails,1.290391,136.679747,145.9057,113.071,78.3284,1
nails,1.165416,135.367607,185.2852,158.9863,143.5977,1
nails,1.133689,133.046419,191.6462,169.0465,147.8276,1
nails,1.229895,141.180562,191.2125,155.4705,153.8066,1
nails,1.366588,139.583426,142.6565,104.3888,74.7863,1
nails,1.202086,138.493669,191.5617,159.3576,149.8098,1
nails,1.757551,147.476702,113.5998,64.6353,47.5636,1
nails,1.380688,149.699247,221.898,160.7156,149.7404,1
nails,1.144207,133.38251,205.4309,179.5401,152.1357,1
nails,1.440406,148.293576,186.1812,129.256,115.2082,1
nails,1.317153,141.981387,200.0897,151.9107,120.0544,1
nails,1.426745,148.805213,196.398,137.6546,123.5076,1
nails,1.303891,140.264302,190.8859,146.3971,112.1455,1
nails,1.440268,145.376429,155.9851,108.3028,93.913,1
nails,1.218947,136.14953,172.1709,141.2457,113.8289,1
nails,1.369359,145.464912,188.3359,137.5358,119.9314,1
nails,1.40193,145.510976,175.7543,125.366,108.302,1
nails,1.423788,142.541185,137.5843,96.6326,80.0556,1
nails,1.362711,139.029096,139.5104,102.3771,70.7669,1
nails,1.49977,148.385074,164.9136,109.9592,96.3896,1
nails,1.129815,131.461138,154.0359,136.3373,113.7124,1
nails,1.172382,131.190755,125.3641,106.9311,77.2004,1
nails,1.19927,133.070192,134.2962,111.9816,86.1358,1
nails,1.250049,136.469347,149.599,119.6745,97.2512,1
nails,1.256076,140.011597,173.3144,137.9808,128.645,1
nails,1.220442,140.300592,197.2524,161.6237,155.4416,1
nails,1.066088,130.153239,238.1297,223.3677,202.9581,1
nails,1.268294,143.400348,200.0814,157.7563,154.7389,1
nails,1.036888,130.651602,242.2372,233.6195,231.2929,1
nails,1.442772,154.329704,219.4266,152.0868,156.411,1
nails,1.114763,135.476799,221.5637,198.7542,195.1147,1
nails,1.170092,135.742827,179.8669,153.7203,140.0947,1
nails,1.115702,133.42809,190.9082,171.1104,160.1605,1
nails,1.347962,143.908308,173.1346,128.4418,116.7969,1
nails,1.147696,136.303963,188.515,164.2551,159.9959,1
nails,1.162692,135.271399,179.2903,154.2027,139.3593,1
nails,1.114184,136.322188,227.0037,203.7399,203.8128,1
nails,1.151756,137.508701,174.0123,151.0843,154.4829,1
nails,1.104276,134.664618,195.6513,177.1761,175.9365,1
nails,1.11873,134.373171,165.3366,147.7895,144.6326,1
nails,1.092137,130.593732,118.7398,108.7224,99.2027,1
nails,1.0373,129.412848,179.4162,172.9646,167.5145,1
nails,1.023623,126.792294,138.679,135.4787,121.5281,1
nails,1.017708,127.76202,179.5433,176.4194,168.4273,1
nails,1.089789,132.878018,178.5577,163.8462,159.6587,1
nails,1.058057,129.475073,175.764,166.1195,153.1295,1
nails,1.462424,147.00129,139.0242,95.0642,101.2786,1
nails,1.206137,135.434993,115.1885,95.5019,91.8302,1
nails,1.214787,140.232077,174.9099,143.984,146.9749,1
nails,1.080595,130.33522,182.8892,169.2486,151.4448,1
nails,1.169692,136.596136,170.9139,146.1187,139.3817,1
nails,1.124862,132.429235,172.0453,152.9479,133.0092,1
nails,1.190846,137.456993,183.0708,153.7317,141.5591,1
nails,1.044346,128.001548,208.9708,200.0974,179.6134,1
nails,1.132287,135.2169,189.5203,167.3783,159.5822,1
nails,1.165857,133.787213,178.6867,153.2664,126.8084,1
nails,1.100888,131.475621,191.5489,173.9949,155.5207,1
nails,1.225373,138.227174,180.9831,147.6963,131.5242,1
nails,1.34513,138.588216,138.0242,102.6103,75.1669,1
nails,1.154178,134.542394,201.0105,174.159,151.201,1
nails,1.103323,132.732585,210.9725,191.2156,173.4608,1
nails,1.173545,140.465347,235.6433,200.7962,197.0518,1
nails,1.119248,136.310689,233.3147,208.4567,204.08,1
nails,1.332943,147.015467,201.0918,150.863,147.351,1
nails,1.441621,153.320575,230.4687,159.8677,148.1714,1
nails,1.580466,153.748214,184.5572,116.7739,104.9408,1
nails,1.223727,138.307527,207.7463,169.7652,138.5803,1
nails,1.651775,153.900098,169.9297,102.877,94.0767,1
nails,1.279422,145.184158,204.9739,160.2082,163.7736,1
nails,1.546001,151.148562,189.5049,122.5775,96.9058,1
nails,1.355475,136.084692,70.3373,51.8913,50.1825,1
nails,1.335709,136.944614,90.9998,68.1284,60.4036,1
nails,1.294231,136.553217,98.2546,75.9174,68.2139,1
nails,1.28934,132.416219,51.2646,39.7604,35.3434,1
nails,1.24339,136.825148,128.8203,103.6041,91.9332,1
nails,1.379809,139.402897,103.3071,74.8706,68.6424,1
nails,1.280898,135.489766,77.1065,60.1972,62.368,1
nails,1.246567,140.152852,130.8791,104.9916,115.9885,1
nails,1.133053,134.887841,136.9474,120.8658,124.2901,1
nails,1.205558,135.320624,94.3756,78.2838,82.4333,1
nails,1.1569,136.188723,134.0457,115.8663,121.1004,1
nails,1.181132,137.4143,130.7919,110.7344,118.8129,1
nails,1.132699,134.304656,177.3689,156.5896,148.3884,1
nails,1.291936,139.307253,139.507,107.9829,101.1511,1
nails,1.300012,140.1779,129.3371,99.4892,99.1751,1
nails,1.096935,133.915598,188.0045,171.3907,170.6995,1
nails,1.096627,132.584394,158.2369,144.2942,140.7721,1
nails,1.207856,134.676812,114.0446,94.419,87.0119,1
nails,1.04369,131.409719,231.5949,221.9001,222.2273,1
nails,1.065699,130.606845,172.2362,161.6181,154.2737,1
nails,1.068908,131.032032,162.951,152.4463,147.4929,1
nails,1.198351,136.532846,136.6117,113.9997,111.1818,1
nails,1.107237,131.709876,149.5774,135.0907,124.4987,1
nails,1.04922,130.461654,222.799,212.3473,205.2067,1
nails,1.053042,129.696408,184.5901,175.2922,165.7732,1
nails,1.224483,134.527943,106.3331,86.8392,79.2288,1
nails,1.186636,135.561846,153.8802,129.6776,120.0407,1
nails,1.124947,130.556668,86.5307,76.9197,67.48,1
nails,1.181199,132.986387,128.0943,108.4443,89.6901,1
nails,1.198371,136.250512,131.8355,110.0122,104.207,1
nails,1.254458,133.821374,78.8639,62.8669,55.0161,1
nails,1.088176,129.455089,122.0094,112.1229,97.7697,1
nails,1.281784,134.847954,75.0908,58.583,53.7139,1
nails,1.121369,130.032887,87.9476,78.4288,66.735,1
nails,1.359083,136.367462,63.0292,46.3763,48.4528,1
nails,1.182335,132.662538,102.0586,86.3195,73.8418,1
nails,1.093562,131.305285,165.0299,150.9103,139.5129,1
nails,1.458678,132.126046,32.1137,22.0156,19.8911,1
nails,1.413649,133.317366,43.2442,30.5905,26.0097,1
nails,1.063587,132.449348,198.9156,187.0235,186.7499,1
nails,1.091607,134.739585,149.941,137.358,143.7813,1
nails,1.053953,132.341059,168.085,159.4805,164.2807,1
nails,2.003632,157.54583,131.5933,65.6774,76.0342,1
nails,1.187556,142.252431,200.295,168.6614,184.5037,1
nails,1.504682,154.584265,169.5759,112.6988,139.1831,1
nails,1.706603,156.31614,149.5997,87.6593,107.6986,1
nails,1.698951,156.977339,158.862,93.5059,110.386,1
nails,1.413369,147.238706,135.9834,96.2122,114.3339,1
nails,1.597305,144.575104,102.3289,64.0635,63.5967,1
nails,1.325583,147.461751,180.8738,136.4485,151.2874,1
nails,1.805255,148.588087,105.2881,58.3231,57.2707,1
nails,1.271,145.53762,184.8895,145.4678,161.4375,1
nails,1.711005,155.713553,138.5939,81.0015,106.1567,1
nails,1.35282,147.882066,178.1108,131.6589,144.0875,1
nails,1.269356,143.05166,189.9416,149.6362,148.7932,1
nails,1.239317,144.315447,198.9955,160.5687,173.2045,1
nails,1.588221,154.686312,157.7194,99.3057,120.0571,1
nails,1.157847,133.80589,118.7758,102.5833,96.1508,1
nails,1.422211,136.512863,66.564,46.8032,45.1824,1
nails,1.169367,137.404252,160.457,137.2169,140.0463,1
nails,1.245552,138.490637,128.073,102.8243,101.6757,1
nails,1.105921,133.117079,157.99,142.8584,138.131,1
nails,1.152369,135.115417,144.2791,125.2022,122.1309,1
nails,1.17244,139.665231,205.3188,175.1209,178.3965,1
nails,1.324729,139.958743,129.4608,97.7262,89.0751,1
nails,1.390753,138.874905,93.5797,67.2871,61.2456,1
nails,1.224698,138.676586,167.3458,136.6424,129.7821,1
nails,1.35703,137.237706,92.7674,68.3606,59.4707,1
nails,1.485439,144.947452,131.5062,88.5302,80.5861,1
nails,1.779374,142.504314,71.5877,40.2319,38.6922,1
nails,1.282018,139.806519,139.8048,109.0506,104.785,1
nails,1.342063,143.028112,149.706,111.5492,109.388,1
nails,1.183103,137.95663,128.1875,108.3486,118.8962,1
nails,1.172924,135.995097,123.613,105.3888,108.9003,1
nails,1.06987,132.952388,175.0787,163.6448,167.6803,1
nails,1.048353,131.418687,190.5057,181.719,183.0881,1
nails,1.076254,132.890711,150.8856,140.1952,144.3315,1
nails,1.128412,134.317237,100.4441,89.0136,96.3946,1
nails,1.126066,134.771681,153.0771,135.9397,136.8895,1
nails,1.181531,139.14074,160.142,135.5377,145.05,1
nails,1.054966,132.23719,208.9185,198.0334,200.2169,1
nails,1.07032,131.868905,173.4633,162.0667,159.817,1
nails,1.140132,134.246335,144.741,126.9512,122.2223,1
nails,1.067418,130.129208,163.5414,153.212,142.8347,1
nails,1.370872,143.493024,173.3916,126.4827,106.4394,1
nails,1.428953,146.964259,178.0277,124.5861,109.5759,1
nails,1.240472,141.560039,202.5295,163.2681,156.8178,1
nails,1.40151,140.328591,132.4246,94.4871,69.8228,1
nails,1.180618,137.069902,186.5611,158.0199,147.904,1
nails,1.199985,132.765568,149.8814,124.9027,90.582,1
nails,1.112137,130.939936,177.1149,159.2564,136.6829,1
nails,2.445902,146.760375,69.084,28.2448,23.6455,1
nails,1.264117,141.215738,185.0935,146.4212,136.4626,1
nails,1.259666,139.835825,166.577,132.239,123.4025,1
nails,1.233723,139.913743,185.9316,150.7077,142.3557,1
nails,1.462374,145.157078,151.5486,103.6319,86.7332,1
nails,1.127181,134.044773,182.991,162.3439,152.6346,1
nails,1.225696,135.166223,164.5407,134.2427,102.2119,1
nails,1.428691,142.757697,140.4179,98.2843,78.3684,1
nails,1.131169,134.407106,139.5507,123.3686,122.7558,1
nails,1.208572,139.619361,145.6375,120.5038,129.3973,1
nails,1.308414,138.542782,90.3806,69.0765,74.7722,1
nails,1.204517,139.806229,173.2383,143.8239,147.2562,1
nails,1.156273,136.416413,149.8746,129.6187,131.1127,1
nails,1.158711,133.063354,96.2026,83.0255,77.2967,1
nails,1.138508,136.427654,173.6976,152.566,154.581,1
nails,1.142463,135.262238,159.4711,139.5853,135.6272,1
nails,1.238462,137.880841,116.0398,93.6967,94.3373,1
nails,1.074401,129.185836,175.6248,163.463,142.3035,1
nails,1.117943,132.881308,177.8475,159.0846,145.3326,1
nails,1.43904,138.756649,94.6076,65.7436,51.0853,1
nails,1.399839,135.972565,68.977,49.2749,40.0908,1
nails,1.086642,128.36843,123.1758,113.3545,89.6332,1
nails,1.062298,127.836245,158.7781,149.4666,126.7891,1
nails,1.147373,133.072628,142.5602,124.2492,108.7029,1
nails,1.118611,129.005,93.8959,83.9397,62.8331,1
nails,1.138711,132.983194,134.0299,117.7031,107.2289,1
nails,1.061361,127.687602,153.8662,144.9706,122.1168,1
nails,1.069397,128.85426,127.6904,119.4041,104.9984,1
nails,1.079228,129.549281,141.7691,131.3616,116.2729,1
nails,1.260387,136.951581,166.8421,132.3737,98.9041,1
nails,1.269642,139.791826,195.998,154.3727,124.085,1
nails,1.372313,141.129772,171.3302,124.8477,79.4022,1
nails,1.195163,139.464638,233.1105,195.045,180.6639,1
nails,1.246464,142.461718,213.5845,171.3523,164.3518,1
nails,2.848313,170.784568,163.1088,57.2651,52.3399,1
nails,1.79358,163.387171,213.8454,119.2282,107.9315,1
nails,1.275282,144.059596,219.1323,171.8304,160.6292,1
nails,2.320124,170.363784,188.5262,81.257,78.2967,1
nails,1.648782,159.833196,214.2248,129.9291,125.217,1
nails,1.370572,148.308172,219.1843,159.9218,145.3884,1
nails,1.350616,144.733762,217.8704,161.3118,124.1836,1
nails,1.156925,138.353639,226.7253,195.9724,190.2445,1
nails,1.159281,134.724811,223.383,192.6909,161.7024,1
nails,1.813256,165.649231,221.9173,122.386,114.6595,1
nails,1.432636,145.411332,153.1859,106.9259,93.8056,1
nails,1.254281,138.600894,171.1033,136.4155,113.0804,1
nails,1.430018,147.268786,179.9595,125.8442,107.6605,1
nails,1.124931,135.616651,231.6167,205.8941,194.3243,1
nails,1.104224,133.786278,217.6418,197.0993,184.4272,1
nails,1.405784,148.579055,179.7925,127.8949,128.9172,1
nails,1.177753,139.352381,216.7572,184.043,181.1255,1
nails,1.687117,156.736504,172.3983,102.1851,105.894,1
nails,1.171196,136.664393,204.2739,174.4148,159.8546,1
nails,1.161478,137.318656,181.6965,156.4356,154.5328,1
nails,1.121807,136.122514,204.1039,181.9421,182.0536,1
nails,1.271858,144.761504,201.8586,158.7115,160.6157,1
nails,2.604503,157.549378,112.27,43.1061,30.5163,1
nails,2.183825,157.52533,130.871,59.9274,52.6117,1
nails,1.352887,147.561475,213.2805,157.6483,147.8188,1
nails,1.428091,140.07095,131.2755,91.9238,58.1898,1
nails,1.30995,136.999452,150.8164,115.1314,75.069,1
nails,1.128931,128.966759,137.1389,121.4768,88.4738,1
nails,0.958705,126.541572,103.3209,107.7714,108.6381,1
nails,0.93669,125.740859,98.0487,104.6757,105.6006,1
nails,0.971401,126.636103,138.9192,143.0091,143.5815,1
nails,0.972463,127.8251,123.3808,126.8745,131.2676,1
nails,0.977303,127.626312,152.0005,155.5306,159.8885,1
nails,0.915802,124.463654,125.3773,136.9044,138.7836,1
nails,1.120972,136.695166,181.6626,162.0581,170.1018,1
nails,1.065001,132.098966,170.072,159.6918,161.0478,1
nails,1.194131,139.877002,157.8121,132.1564,142.9671,1
nails,1.130841,134.678457,211.6085,187.1248,172.8314,1
nails,1.120337,131.842777,214.1986,191.1912,158.865,1
nails,1.069806,128.892099,207.7941,194.2353,169.6628,1
nails,1.184389,135.218045,191.273,161.4951,133.9808,1
nails,1.03398,127.07937,201.7497,195.1195,175.6802,1
nails,1.234262,133.280221,146.7267,118.8781,74.6336,1
nails,1.088358,130.439751,218.0705,200.3665,176.056,1
nails,1.088615,131.684328,207.9569,191.0289,176.4866,1
nails,1.053932,128.347075,202.4023,192.045,171.0856,1
nails,1.15835,135.034612,170.2742,146.9972,135.2519,1
nails,1.102624,128.057951,165.9881,150.5392,111.0008,1
nails,1.137927,133.451122,184.2701,161.9349,142.6373,1
nails,1.12207,133.420219,145.4486,129.6252,125.2958,1
nails,1.218613,135.946114,118.423,97.1784,92.4173,1
nails,1.208899,138.29106,146.1955,120.9328,122.3145,1
nails,1.205581,140.766649,169.4056,140.5178,148.476,1
nails,1.246286,140.728908,161.1301,129.2883,126.9685,1
nails,1.105493,135.341801,181.1196,163.8361,167.669,1
nails,1.173654,138.194078,161.1429,137.3002,141.051,1
nails,1.26984,142.811068,150.1616,118.2523,129.4427,1
nails,1.237481,140.801148,153.478,124.0245,129.05,1
nails,1.302554,145.28556,166.1923,127.5895,137.8832,1
nails,1.34143,143.038983,130.335,97.1613,102.1231,1
nails,1.206212,142.130046,199.3422,165.263,172.6093,1
nails,1.362026,148.156449,199.8304,146.7155,149.2556,1
nails,1.239397,141.905453,207.5512,167.4614,162.1814,1
nails,1.326322,146.239528,213.816,161.2096,152.0913,1
nails,1.059463,131.828067,239.3162,225.8844,221.1346,1
nails,1.199758,141.913808,221.7292,184.8116,189.6726,1
nails,1.455869,152.871309,193.8524,133.1524,143.3491,1
nails,1.295511,141.966984,182.4809,140.8563,128.9944,1
nails,1.232895,139.002242,191.1369,155.031,137.045,1
nails,1.205799,138.118321,206.9227,171.6063,153.2333,1
nails,1.047319,131.056015,209.1373,199.6882,193.4411,1
nails,1.101576,133.885034,137.8682,125.1554,123.5879,1
nails,1.266006,140.781262,143.6324,113.4532,106.1887,1
nails,1.249982,139.797858,142.2854,113.83,111.2312,1
nails,1.148601,136.222609,187.8336,163.5325,157.4558,1
nails,1.138126,136.514863,199.9089,175.6474,171.695,1
nails,1.058106,132.788003,229.248,216.6588,218.0556,1
nails,1.199409,141.802874,210.7689,175.7273,178.6666,1
nails,1.257244,143.088741,188.2441,149.7276,150.4703,1
nails,1.080477,133.146078,204.5899,189.3513,186.5497,1
nails,1.134116,138.022048,215.8685,190.3408,193.2045,1
nails,1.098881,136.004677,228.1764,207.6442,210.4805,1
nails,1.257919,144.074128,197.8966,157.3206,160.2964,1
nails,1.165248,138.490266,200.5098,172.0748,168.2935,1
nails,1.211287,137.372026,153.2819,126.5447,117.6543,1
nails,1.268017,143.710876,194.0559,153.0388,153.0341,1
nails,1.341288,143.21519,153.6003,114.517,110.184,1
nails,1.22033,137.920211,161.082,131.9987,122.1523,1
nails,1.172255,139.613184,218.0377,185.9986,186.581,1
nails,1.086453,134.054483,220.9326,203.3521,202.6751,1
nails,1.043507,132.03737,242.3394,232.2356,235.4665,1
nails,1.137538,135.388913,161.5813,142.0447,141.9068,1
nails,1.15237,132.090934,88.3118,76.635,70.6467,1
nails,1.187954,133.228045,100.1226,84.2815,75.1977,1
nails,1.167505,135.070063,120.7467,103.4228,101.1701,1
nails,1.10558,131.752585,112.0003,101.3045,97.5866,1
nails,1.13561,132.945452,117.0478,103.0704,97.4158,1
nails,0.979093,129.704392,147.9346,151.0936,160.8508,1
nails,1.014189,130.752294,122.7636,121.0461,128.75,1
nails,1.004491,129.577055,191.3808,190.5251,195.7032,1
nails,1.011381,129.178481,177.9962,175.9932,178.0501,1
nails,1.010596,129.039725,167.679,165.9209,167.4006,1
nails,1.038236,130.298769,94.9948,91.4963,94.9196,1
nails,1.02594,129.345994,173.0538,168.6782,166.4004,1
nails,0.983283,128.018661,184.3348,187.4687,190.6465,1
nails,0.972086,131.135466,123.7064,127.2588,139.7632,1
nails,0.999433,131.046161,122.9871,123.0568,132.83,1
nails,0.997494,129.493782,160.1292,160.5315,166.4513,1
nails,0.996481,131.751343,117.3981,117.8127,129.6852,1
nails,0.979663,128.043661,184.1048,187.9266,192.0221,1
nails,1.000822,129.182578,180.8595,180.7109,184.685,1
nails,0.971011,127.507201,177.8098,183.1182,187.1374,1
nails,0.98684,128.747665,139.3373,141.1954,145.4406,1
nails,1.001742,128.821616,182.1998,181.8829,184.077,1
nails,0.977374,127.992516,184.6561,188.9309,193.1381,1
nails,0.936981,130.072063,139.8747,149.2823,162.0677,1
nails,0.811851,125.257318,112.9213,139.0911,150.519,1
nails,0.944686,130.080983,108.6094,114.9687,128.9805,1
nails,1.182438,137.262464,193.9759,164.0474,150.8699,1
nails,1.199161,136.963839,181.3294,151.2135,133.47,1
nails,1.404611,148.206529,195.5702,139.2344,125.7746,1
nails,1.858944,142.032999,70.3536,37.846,28.9654,1
nails,1.790937,149.700166,121.5832,67.8881,55.2263,1
nails,1.839929,155.165401,147.6417,80.2432,72.209,1
nails,1.884966,158.52854,170.5859,90.4981,68.5747,1
nails,1.985872,156.371333,137.4066,69.1921,63.8562,1
nails,1.40451,145.006387,175.4273,124.9029,104.6364,1
nails,1.201237,135.555394,191.6123,159.5124,124.0699,1
nails,1.108991,130.932243,198.6398,179.1176,148.3631,1
nails,1.215621,140.009468,214.7694,176.6746,159.9715,1
nails,1.116232,124.843228,129.7711,116.2582,49.9206,1
nails,1.22014,130.008532,136.4539,111.8346,44.9683,1
nails,1.346207,134.267205,105.636,78.4694,33.1595,1
nails,1.470667,141.652457,134.7411,91.619,54.1923,1
nails,1.265275,135.251464,152.7507,120.7252,80.0553,1
nails,1.041932,120.31864,162.0032,155.4835,82.8195,1
nails,1.060507,120.956194,122.1893,115.2178,36.3645,1
nails,1.186386,129.418606,117.198,98.7857,55.1019,1
nails,1.35555,135.863551,119.2212,87.9504,41.6071,1
nails,1.354749,139.705472,173.9269,128.3832,75.7218,1
nails,1.028588,123.529088,200.9602,195.3748,153.9879,1
nails,1.006337,119.064225,104.8622,104.2019,34.0855,1
nails,1.242132,131.804423,151.9675,122.344,52.8864,1
nails,1.092919,126.445896,163.1963,149.3214,101.7093,1
nails,1.084316,123.249964,197.294,181.9524,99.841,1
nails,0.966965,115.74823,165.2845,170.9311,104.4783,1
nails,0.992077,118.843841,168.8251,170.1734,114.4735,1
nails,0.989869,116.555443,176.2717,178.0757,104.8118,1
nails,1.401736,140.508685,117.6442,83.9275,77.0837,1
nails,1.17636,140.707505,215.1285,182.8764,189.8749,1
nails,1.161481,135.206674,158.8391,136.7557,131.0476,1
nails,1.204762,134.788149,173.5183,144.0271,111.1578,1
nails,1.325166,138.193416,166.2234,125.4359,73.2558,1
nails,1.173848,135.05587,204.5619,174.266,145.8223,1
nails,1.734033,149.95813,140.9154,81.2645,47.7925,1
nails,1.158934,133.367897,200.7987,173.2615,140.7081,1
nails,1.233126,136.129611,184.4802,149.6037,111.1217,1
nails,1.21102,134.859438,185.9143,153.5187,114.6893,1
nails,2.306645,167.800116,185.4102,80.3809,58.9678,1
nails,1.223463,133.875631,172.5367,141.0233,93.1429,1
nails,1.638626,142.86447,102.08,62.2961,40.8476,1
nails,1.214591,133.405413,141.518,116.5149,85.5547,1
nails,1.282298,137.482734,167.8014,130.86,90.6356,1
nails,1.439691,141.09616,112.5277,78.161,62.2164,1
nails,1.267502,138.560959,143.957,113.5753,102.1779,1
nails,1.488936,146.351043,147.9287,99.352,85.3653,1
nails,1.145538,132.513298,194.6265,169.8996,136.4304,1
nails,1.125311,134.661764,187.5886,166.6994,158.7986,1
nails,1.127323,130.743133,162.7086,144.3318,116.0563,1
nails,1.20799,135.912372,177.1607,146.6574,122.0695,1
nails,1.29338,140.905082,197.3552,152.5887,123.989,1
nails,1.403229,145.538169,178.9615,127.5355,111.6693,1
nails,1.25087,133.464654,108.8851,87.0475,62.6465,1
nails,1.214379,131.352785,101.0132,83.181,53.667,1
nails,1.188712,130.846002,100.8837,84.8681,59.4784,1
nails,1.564377,137.889953,74.9052,47.8818,33.7324,1
nails,1.128401,133.735972,194.8856,172.7096,157.5288,1
nails,1.312298,139.335769,158.3711,120.6823,92.8333,1
nails,1.12691,135.115692,198.1137,175.8026,168.5384,1
nails,1.114485,130.731617,143.3444,128.6193,109.725,1
nails,1.164857,132.101208,130.3408,111.8943,90.1638,1
nails,1.326842,141.725569,171.9342,129.5815,109.4678,1
nails,1.220245,137.37051,169.2759,138.7229,123.049,1
nails,1.288601,141.361494,191.5962,148.6854,127.789,1
nails,1.240375,139.142256,187.3245,151.0225,132.602,1
nails,1.462723,145.821632,140.3613,95.9589,89.9118,1
nails,1.767,151.684312,132.6166,75.0519,66.9379,1
nails,1.084242,133.788132,99.7603,92.0092,101.1438,1
nails,1.052586,133.003532,174.8778,166.141,174.134,1
nails,1.114035,135.791149,138.2424,124.0916,131.1945,1
nails,1.067842,131.77902,180.2068,168.7579,163.8248,1
nails,1.06991,132.169723,166.6081,155.7215,154.3909,1
nails,1.090084,134.35493,152.976,140.3342,146.1631,1
nails,1.159566,135.16853,119.8248,103.3359,101.4242,1
nails,1.047514,130.020693,197.6567,188.6912,180.4859,1
nails,1.062375,132.241238,196.3487,184.8205,184.3592,1
nails,1.043198,130.158562,172.1263,164.9987,160.0836,1
nails,1.097409,132.454928,118.1412,107.6547,105.7203,1
nails,1.075324,132.96171,169.0627,157.2203,157.811,1
nails,1.090799,127.648425,125.2015,114.7796,85.7661,0
nails,1.188091,131.998806,106.894,89.9712,71.9159,0
nails,1.081672,128.506702,130.2022,120.3712,99.3517,0
nails,1.179999,135.648651,133.7183,113.3207,111.1796,0
nails,1.123893,134.015919,153.6136,136.6799,132.9559,0
nails,1.01445,127.928114,175.8655,173.3605,167.564,0
nails,1.043074,128.154465,113.1685,108.4952,97.481,0
nails,1.278158,139.078757,129.2713,101.1387,102.7975,0
nails,1.411788,140.561088,102.0978,72.3181,73.8417,0
nails,1.223102,138.640425,159.277,130.2239,124.2493,0
nails,1.144731,133.419332,152.5957,133.3026,120.7606,0
nails,1.102678,132.404203,174.719,158.4497,147.5347,0
nails,1.050063,128.540298,163.3539,155.5657,141.2522,0
nails,1.1678,135.335898,171.3902,146.7633,133.263,0
nails,1.130395,133.554185,174.0175,153.944,142.1596,0
nails,1.193237,138.698586,172.2811,144.3813,145.4292,0
nails,1.11473,134.877196,191.9822,172.2231,167.9593,0
nails,1.161604,135.868147,146.922,126.482,123.7543,0
nails,1.470492,147.276576,149.3801,101.5851,97.1175,0
nails,1.23388,137.945533,158.7718,128.6769,111.8505,0
nails,1.08165,132.595797,211.2402,195.2945,187.0394,0
nails,1.102804,130.730779,179.0546,162.3631,136.774,0
nails,1.208598,133.938727,136.21,112.7009,84.9212,0
nails,1.168331,131.754552,125.2241,107.1821,79.618,0
nails,1.135011,137.28606,204.1194,179.8391,179.6708,0
nails,1.330074,144.777987,170.6969,128.3364,128.7694,0
nails,1.176335,136.975936,180.5494,153.4847,144.3762,0
nails,1.212425,137.866551,172.7261,142.4633,128.6368,0
nails,1.198693,133.964517,168.6828,140.7222,104.1981,0
nails,1.166151,135.981129,187.2013,160.5291,146.5547,0
nails,1.478086,154.508782,213.5237,144.4596,146.938,0
nails,2.414265,172.325543,193.5828,80.1829,73.2604,0
nails,1.471489,151.145869,161.3816,109.6723,126.2847,0
nails,1.432604,152.454735,191.6604,133.7846,144.7249,0
nails,1.312395,139.349123,169.3591,129.0459,90.6735,0
nails,1.216114,133.923485,167.8975,138.0606,94.0085,0
nails,1.404136,143.85397,155.9022,111.0307,94.0217,0
nails,1.467645,151.634296,195.2739,133.0526,130.2367,0
nails,1.094589,131.924517,217.3326,198.5518,179.4549,0
nails,1.244003,143.303076,210.0125,168.8199,168.3193,0
nails,1.016041,126.12595,229.7745,226.1468,205.9262,0
nails,1.285264,143.458251,183.7328,142.9534,141.7605,0
nails,1.280805,137.994807,154.2619,120.4413,97.4341,0
nails,1.40903,144.544669,148.7699,105.5832,100.595,0
nails,1.064391,132.93284,233.2112,219.1031,217.1373,0
nails,1.006077,128.265996,235.1658,233.7453,232.2055,0
nails,1.195321,131.433235,133.5659,111.7406,72.0378,0
nails,1.377055,148.266931,193.6909,140.6559,138.9626,0
nails,1.505784,145.974468,139.0362,92.3348,83.4894,0
nails,1.672868,152.925953,154.1241,92.1316,93.4532,0
nails,1.218992,139.418864,126.3322,103.6366,114.7698,0
nails,1.14056,136.703747,161.4042,141.5131,147.0945,0
nails,1.279296,138.351865,96.939,75.7753,83.2106,0
nails,1.114138,137.575152,207.2914,186.0554,194.9849,0
nails,1.06506,127.389365,195.8253,183.8631,151.0287,0
nails,1.023464,126.159514,226.6951,221.4978,198.063,0
nails,1.370861,144.244415,161.1105,117.525,107.006,0
nails,1.158017,133.080612,170.9017,147.5813,116.9775,0
nails,1.168122,140.028983,226.4392,193.8489,193.1229,0
nails,1.37998,141.304737,154.6392,112.059,76.6478,0
nails,1.115433,132.650135,158.1758,141.8066,131.8856,0
nails,1.09819,129.967936,183.6825,167.2594,140.7401,0
nails,1.849608,160.941033,188.0363,101.6628,84.6785,0
nails,1.792228,168.81739,223.7585,124.8493,149.6316,0
nails,1.777448,158.242851,180.0882,101.3184,88.3475,0
nails,1.681908,161.259625,199.252,118.4678,135.56,0
nails,1.271221,145.243964,205.2715,161.4758,166.6504,0
nails,1.423911,148.240464,192.5798,135.2471,116.9057,0
nails,1.465386,145.574781,149.5508,102.0556,86.621,0
nails,1.22797,139.465573,179.6902,146.3311,137.5829,0
nails,1.06741,132.768762,223.0094,208.9258,206.8768,0
nails,1.162921,136.223867,170.2137,146.3674,136.7963,0
nails,1.036157,131.237238,232.7722,224.6494,226.3975,0
nails,1.265244,141.221142,158.0508,124.9172,123.3049,0
nails,1.062937,133.684424,238.3381,224.226,226.8136,0
nails,1.213326,136.457235,153.5859,126.5825,109.1934,0
nails,1.079304,133.379494,223.5634,207.1366,200.9938,0
nails,1.282303,147.747681,212.6544,165.8379,177.1306,0
nails,1.112486,135.38022,227.1546,204.1864,194.3641,0
nails,1.108171,131.255464,197.763,178.4589,153.1846,0
nails,1.545127,151.987081,172.8107,111.8424,107.341,0
nails,1.550601,145.424622,116.6482,75.2278,74.793,0
nails,1.145671,139.851486,217.6122,189.943,197.2777,0
nails,1.356003,147.712763,183.9704,135.6711,140.3636,0
nails,1.526535,151.745327,163.301,106.975,111.6482,0
nails,1.421246,150.185062,173.5752,122.1289,132.2738,0
nails,1.268642,140.999339,169.6939,133.7603,124.6253,0
nails,1.475399,147.695473,148.1576,100.4187,96.1366,0
nails,1.288654,141.837616,170.2714,132.1311,119.0708,0
nails,1.350272,145.515217,191.5055,141.8273,122.2159,0
nails,1.323037,148.321221,217.0496,164.054,162.8332,0
nails,1.118712,134.133514,217.1505,194.1076,177.0178,0
nails,1.050053,128.2019,219.442,208.9819,185.2742,0
nails,1.835174,158.398026,162.9328,88.7833,88.7411,0
nails,1.965848,155.899389,130.6938,66.4822,71.4769,0
nails,1.29528,138.229464,159.7114,123.3025,89.6905,0
nails,1.683974,158.45167,172.7845,102.6052,121.9046,0
nails,1.086809,125.210997,200.2648,184.2686,118.0008,0
nails,1.882328,158.290931,170.7353,90.7043,76.9654,0
nails,1.200548,136.369075,147.6277,122.967,112.2949,0
nails,1.012786,128.113224,232.8886,229.9485,223.9163,0
nails,2.006679,150.625232,109.0211,54.3291,53.5758,0
nails,1.408315,148.330269,182.7678,129.7777,129.2331,0
nails,1.215865,134.741101,171.2135,140.8162,102.1262,0
nails,1.877252,165.976387,200.8235,106.9774,118.8287,0
nails,1.246998,135.209029,164.0255,131.5363,85.1298,0
nails,1.532262,155.823858,205.9565,134.4133,134.7495,0
nails,2.206759,159.568491,140.9494,63.8717,58.6827,0
nails,1.107483,134.400687,217.6016,196.4829,187.4584,0
nails,1.481924,146.58591,142.0828,95.8772,94.0499,0
nails,1.416175,145.804116,154.0814,108.8011,105.5385,0
nails,1.032972,126.786342,158.1572,153.1088,132.4916,0
nails,1.303083,140.073579,144.6601,111.0137,100.8647,0
nails,1.179928,136.484879,161.5216,136.8911,128.4708,0
nails,1.009929,128.352881,228.8376,226.5877,223.8552,0
nails,1.089077,133.156659,204.8412,188.087,180.9098,0
nails,1.072833,129.397816,145.9504,136.042,120.028,0
nails,1.5625,152.21919,166.6153,106.6338,111.694,0
nails,1.112811,133.380091,183.7831,165.1521,155.1155,0
nails,1.311824,141.739778,129.0672,98.3876,108.9608,0
nails,1.386407,136.759472,81.3147,58.6514,54.7139,0
nails,1.424057,137.097595,73.3852,51.5325,48.2845,0
nails,1.323435,140.410574,131.1131,99.0703,95.0473,0
nails,1.254161,146.499234,228.7865,182.4219,192.7623,0
nails,1.31185,147.130675,186.5674,142.2171,156.6912,0
nails,1.226603,141.481557,198.6005,161.9109,160.7178,0
nails,1.315242,138.469734,134.1941,102.0299,82.9377,0
nails,1.193586,141.022,199.7686,167.3684,173.7084,0
nails,1.22357,138.741359,180.603,147.6034,135.795,0
nails,1.409382,147.855099,151.8894,107.7702,121.3142,0
nails,1.253612,140.328108,169.6939,135.364,129.4936,0
nails,1.00553,127.619296,251.9546,250.5688,245.4884,0
nails,1.121035,135.459976,196.4838,175.27,171.7159,0
nails,1.238272,138.847696,177.8626,143.6378,125.5079,0
nails,1.029788,126.663054,227.8689,221.2774,197.0214,0
nails,1.103766,134.053193,186.5777,169.0374,163.2426,0
nails,1.170353,139.55462,205.8268,175.8673,177.4374,0
nails,1.147287,135.876954,188.4641,164.2694,156.706,0
nails,1.191709,141.857567,205.5409,172.4757,181.6517,0
nails,1.24319,143.095886,198.9196,160.0074,159.4816,0
nails,1.366414,144.614555,157.7551,115.4519,111.0021,0
nails,1.020992,129.270221,234.7355,229.9092,227.3295,0
nails,1.328598,144.70036,178.3364,134.229,127.5873,0
nails,1.12608,131.168594,166.6989,148.0347,122.5524,0
nails,1.307046,143.564684,161.5986,123.6365,126.9934,0
nails,1.124696,133.098692,199.3733,177.2686,154.7882,0
nails,1.11876,133.041048,189.4072,169.301,152.5166,0
nails,1.618008,155.382833,167.5271,103.5391,115.0613,0
nails,1.273521,142.684699,182.5062,143.3083,139.4406,0
nails,1.270406,143.025161,202.7975,159.6321,149.3483,0
nails,1.174753,132.29364,178.3747,151.8401,110.081,0
nails,1.420152,149.294495,182.5674,128.5549,129.5897,0
nails,1.062318,128.558297,227.6698,214.3141,180.2174,0
nails,1.741242,148.296286,123.9903,71.2079,48.4061,0
nails,1.085364,131.486782,225.9495,208.1785,181.2184,0
nails,2.161136,158.237754,128.716,59.5594,64.3064,0
nails,1.659346,155.51583,175.0561,105.4971,103.1656,0
nails,1.415686,150.842986,189.9263,134.1585,141.6961,0
nails,1.132209,130.950936,165.0339,145.7627,111.3633,0
nails,1.311636,144.549749,185.2693,141.2506,135.1162,0
nails,1.066664,131.474525,222.2207,208.3324,197.1583,0
nails,1.28555,143.990145,204.6745,159.2116,145.3046,0
nails,1.058132,128.093724,221.8615,209.6728,181.2331,0
nails,1.231767,135.474154,168.9862,137.1901,100.5261,0
nails,1.109749,128.511072,172.7916,155.7032,115.0434,0
nails,1.323383,141.614909,166.5276,125.8348,103.3115,0
nails,1.30226,139.214368,156.7876,120.3965,90.2455,0
nails,1.132544,131.987984,154.2238,136.1747,113.5756,0
nails,1.068631,132.890582,224.0284,209.6406,206.0675,0
nails,1.296948,143.63849,181.1466,139.6714,131.478,0
nails,1.33378,142.561314,160.2654,120.1588,105.1615,0
nails,1.098192,136.471992,242.443,220.7656,222.4362,0
nails,1.048806,130.174465,230.2059,219.4933,208.2904,0
nails,1.365785,145.255238,157.4007,115.2456,116.2812,0
nails,1.117815,138.78402,227.9085,203.8876,215.3674,0
nails,1.664137,156.315769,170.8289,102.6531,114.7564,0
nails,1.217655,140.700263,204.4462,167.9016,155.2315,0
nails,1.471908,147.615393,144.9173,98.4554,100.8848,0
nails,1.469903,146.30614,145.0466,98.6776,88.8938,0
nails,1.529251,150.35193,159.3849,104.2241,102.8603,0
nails,1.182491,137.141482,186.5423,157.7538,146.8981,0
nails,1.483996,142.400155,104.8599,70.6605,68.4278,0
nails,1.211284,133.629103,129.2271,106.686,82.1097,0
nails,1.405167,144.015129,139.8537,99.5282,95.9674,0
nails,1.357091,148.025387,182.1272,134.2041,143.8454,0
nails,1.503765,139.654296,82.9104,55.1352,50.0032,0
nails,1.289454,137.359768,115.1164,89.2753,78.6687,0
nails,1.229891,135.852519,129.0462,104.9249,91.1576,0
nails,1.157911,136.784197,178.3548,154.0315,152.2988,0
nails,1.376305,144.53662,152.9856,111.1567,109.1599,0
nails,1.291252,133.698215,132.9733,102.9801,46.2624,0
nails,1.985683,166.886728,198.8474,100.1405,100.1623,0
nails,1.768188,159.132304,189.7663,107.3225,91.7688,0
nails,1.858874,160.663247,176.3339,94.8606,94.1263,0
nails,1.23309,137.856712,160.4584,130.1271,114.8514,0
nails,1.185101,141.098256,218.5528,184.417,187.1085,0
nails,1.307385,141.468783,176.5698,135.0557,116.6763,0
nails,1.317747,138.372639,141.8816,107.6699,79.9382,0
nails,1.75977,153.324285,136.6319,77.6419,80.9146,0
nails,1.134524,131.35151,194.4457,171.3897,127.024,0
nails,1.300994,145.7946,195.5608,150.3165,152.3857,0
nails,1.780438,156.105676,163.8518,92.029,79.1405,0
nails,1.511521,148.312737,173.1965,114.5842,83.1651,0
nails,2.251826,169.56233,187.7989,83.3985,83.1216,0
nails,1.288071,141.163401,206.917,160.641,126.8034,0
nails,1.050443,130.433428,145.0374,138.0727,136.5136,0
nails,1.082258,133.48325,129.3371,119.5067,124.3704,0
nails,1.038183,130.654457,212.993,205.1594,203.8722,0
nails,1.083444,133.070096,114.4316,105.6184,110.1946,0
nails,1.120272,132.167401,206.6526,184.4664,157.1545,0
nails,1.527289,154.329962,172.167,112.7272,130.605,0
nails,1.628558,156.367107,179.7968,110.4024,115.0874,0
nails,2.207246,151.759407,98.6709,44.7032,40.325,0
nails,1.963336,138.2134,45.9639,23.4111,24.3655,0
nails,1.406359,141.450412,135.4486,96.3115,75.4079,0
nails,1.339514,139.041532,138.4847,103.3843,78.0892,0
nails,1.438026,151.584555,177.4712,123.4131,138.7931,0
nails,1.029757,127.888728,233.3084,226.5664,211.1237,0
nails,1.089749,132.105611,219.7841,201.6831,183.3875,0
nails,1.049605,129.13182,213.2899,203.2098,188.6156,0
nails,1.213289,137.030016,195.2265,160.9068,134.7024,0
nails,1.287743,138.466751,149.9159,116.4175,98.0031,0
nails,1.631606,146.831358,117.9992,72.3209,73.8153,0
nails,1.287929,144.790374,192.8375,149.7267,154.7122,0
nails,1.285348,139.508508,146.5218,113.9939,106.0475,0
nails,1.485077,148.899453,146.0577,98.3503,111.8195,0
nails,1.451778,144.311059,130.9274,90.1842,92.1609,0
nails,1.791077,156.304027,149.2372,83.3226,92.0608,0
nails,1.354258,145.054854,185.481,136.9613,121.4893,0
nails,1.185884,136.139917,175.894,148.3232,129.1149,0
nails,1.296712,139.896486,180.7834,139.4168,105.0439,0
nails,1.334071,142.935469,176.9445,132.635,115.081,0
nails,1.4676,150.686166,184.8451,125.9506,123.6035,0
nails,1.45649,153.605442,187.378,128.6504,146.4865,0
nails,1.387361,143.625264,129.0124,92.9912,96.047,0
nails,1.100131,135.235303,199.2462,181.1113,182.3582,0
nails,1.221434,137.991258,165.2118,135.2606,120.4569,0
nails,1.204184,136.230238,140.0628,116.3134,105.7213,0
nails,1.340612,142.399058,142.6023,106.371,102.6296,0
nails,1.301127,140.910695,148.0018,113.7489,105.2761,0
nails,1.04883,132.506185,236.6677,225.6492,227.8391,0
nails,1.132506,136.040499,211.0284,186.3375,177.1024,0
nails,1.554799,150.362059,168.3427,108.273,92.2889,0
nails,1.653311,154.935307,172.2837,104.2053,99.4489,0
nails,1.13847,133.375317,149.338,131.1743,117.9582,0
nails,1.534633,150.841293,161.3866,105.163,103.0716,0
nails,1.35401,144.425735,176.3133,130.2157,115.1186,0
nails,1.365433,147.08695,177.5873,130.0593,133.3366,0
nails,1.09665,130.594587,140.5621,128.1741,113.6623,0
nails,1.125117,131.660005,129.8032,115.3687,101.2559,0
nails,1.372587,141.817455,125.375,91.3421,92.0127,0
nails,1.126144,132.468347,187.987,166.9299,144.069,0
nails,1.405586,145.345849,142.4383,101.3373,108.6375,0
nails,1.136742,135.153514,187.2693,164.7421,156.0492,0
nails,1.113868,134.426122,175.6004,157.6492,153.1494,0
nails,1.378143,143.51304,129.5251,93.9852,102.6029,0
nails,1.225147,136.916888,136.2683,111.2261,103.1555,0
nails,1.28164,139.637425,150.5739,117.4853,106.4369,0
nails,1.161303,139.464751,199.8345,172.0779,178.9951,0
nails,1.724264,158.217529,175.1933,101.6047,108.2845,0
nails,1.535169,147.580781,154.0156,100.3248,77.9343,0
nails,1.020212,129.754923,208.7808,204.6445,206.035,0
nails,1.267395,139.874615,141.2817,111.474,111.6037,0
nails,1.100685,136.927453,232.268,211.0213,217.2885,0
nails,1.28233,143.964194,201.922,157.4649,150.1979,0
nails,1.273482,144.462299,186.6743,146.5857,153.1531,0
nails,1.080351,131.407735,200.5332,185.6186,169.707,0
nails,1.650954,156.684747,171.4511,103.8497,114.7212,0
nails,1.122994,136.185884,214.6959,191.1816,187.4258,0
nails,1.218582,135.508572,175.3871,143.9272,107.9125,0
nails,1.544237,145.038628,129.0048,83.5395,59.3535,0
nails,1.732134,161.653989,195.1313,112.6537,127.339,0
nails,1.273738,136.319108,162.218,127.3558,81.181,0
nails,1.190301,142.957872,229.2362,192.5868,203.5923,0
nails,1.028738,127.183465,229.4244,223.0155,204.2031,0
nails,1.168567,135.245609,190.7437,163.2287,142.2172,0
nails,1.398518,140.80681,135.0403,96.5595,71.8353,0
nails,1.355012,145.323414,165.9775,122.4915,123.8908,0
nails,2.270243,147.887373,76.5629,33.7245,40.6835,0
nails,1.44243,144.335333,138.6347,96.1119,83.0397,0
nails,1.600758,151.35951,146.9879,91.8239,93.0244,0
nails,1.463768,146.088982,139.7279,95.4577,96.1528,0
nails,1.118612,135.370381,210.4262,188.1137,182.8071,0
nails,1.106885,132.568459,211.1734,190.7817,168.3798,0
nails,1.233561,139.35872,186.2693,151.0013,130.6181,0
nails,1.0878,131.267996,212.0412,194.9266,174.6258,0
nails,1.295159,138.427267,160.6554,124.043,89.4515,0
nails,1.418247,140.960807,104.9313,73.9866,75.1076,0
nails,1.069107,129.084483,168.455,157.5661,139.1514,0
nails,1.27825,140.231432,155.5723,121.7073,111.0329,0
nails,1.198431,131.681554,62.8694,52.4598,48.7276,0
nails,1.410306,147.42438,156.8333,111.2052,117.4838,0
nails,1.092858,133.601732,210.907,192.9867,186.6417,0
nails,1.167328,130.41138,50.7654,43.4885,40.0855,0
nails,1.120817,132.478444,159.3241,142.15,127.2273,0
nails,1.079539,131.467234,178.8586,165.6805,156.3544,0
nails,1.098181,135.435057,226.3986,206.1578,206.1271,0
nails,1.310699,134.336882,62.8965,47.987,48.3528,0
nails,1.183628,136.448493,155.7896,131.6203,125.1616,0
nails,1.065901,132.824051,222.3504,208.6031,204.6077,0
nails,1.376249,143.419074,142.4393,103.4983,98.5088,0
nails,1.0914,135.672344,227.2205,208.1917,210.3915,0
nails,1.23657,142.384284,198.6499,160.6458,159.9195,0
nails,1.416304,141.488057,143.927,101.6215,66.769,0
nails,1.197041,135.725859,188.2547,157.2667,125.5266,0
nails,1.427156,149.012322,181.264,127.0107,124.5845,0
nails,1.68106,160.131127,199.3903,118.6098,122.4478,0
nails,1.222667,137.475025,189.0103,154.5885,129.346,0
nails,1.4534,153.983065,194.0819,133.5364,151.6339,0
nails,1.060309,131.246399,185.0108,174.4876,170.0412,0
nails,1.062691,130.661151,178.4202,167.8947,158.3154,0
nails,1.634557,153.652296,164.1249,100.4094,100.0844,0
nails,1.328099,141.229964,165.9915,124.9843,102.4423,0
nails,1.633808,158.801503,194.316,118.9344,128.2142,0
nails,1.313753,141.731375,175.4296,133.5332,111.3463,0
nails,1.242248,138.825777,165.2714,133.0422,119.1479,0
nails,1.181316,138.069467,198.7936,168.2814,155.5238,0
nails,1.253759,141.126385,196.5662,156.7815,137.5668,0
nails,1.557239,154.133369,168.0353,107.9059,122.2155,0
nails,1.325845,143.48946,167.0009,125.958,118.0099,0
nails,1.269814,142.595103,180.9326,142.4875,138.5102,0
nails,1.162276,132.954033,182.329,156.8724,124.6937,0
nails,1.510612,151.305689,164.0189,108.5778,115.6106,0
nails,1.159367,131.6307,147.1908,126.9579,89.4567,1
nails,1.093801,128.602458,179.3765,163.9937,126.759,1
nails,1.279602,136.077079,146.3672,114.3849,68.6504,1
nails,1.190397,133.44759,154.1001,129.4527,99.5445,1
nails,1.171417,136.486428,172.4624,147.2255,139.7361,1
nails,1.075311,128.469089,187.8952,174.7357,146.684,1
nails,1.407538,135.996016,63.0888,44.8221,48.1331,1
nails,1.338671,137.925937,77.7697,58.0947,70.1534,1
nails,1.328423,139.744988,88.3794,66.5296,84.1463,1
nails,1.178763,135.058176,171.0706,145.1272,125.8201,1
nails,1.046143,127.931775,219.8551,210.1578,188.7787,1
nails,1.230077,138.385897,162.8173,132.3635,122.4077,1
nails,1.449813,145.17053,168.811,116.4364,84.988,1
nails,1.567856,147.635635,163.4438,104.2467,64.0935,1
nails,1.32621,138.269109,145.2593,109.5296,77.5661,1
nails,1.304024,141.812519,153.1206,117.4216,112.8094,1
nails,1.170257,137.133224,159.2077,136.045,135.9774,1
nails,1.069846,128.973017,157.4094,147.1328,129.0651,1
nails,1.104053,131.371059,178.4921,161.6699,143.1971,1
nails,1.143797,132.976049,143.4471,125.4132,111.9801,1
nails,1.218391,137.195013,169.5615,139.1683,120.2759,1
nails,1.17026,134.563975,173.157,147.9646,126.654,1
nails,1.427194,138.351252,98.9466,69.3295,52.841,1
nails,1.137452,134.349398,183.7866,161.5775,149.2044,1
nails,1.125352,131.134708,186.4751,165.7038,135.854,1
nails,0.845365,125.820051,64.9357,76.8138,76.8045,1
nails,0.930498,124.552943,153.5543,165.0238,154.9054,1
nails,0.944901,128.288882,86.4898,91.5332,86.1964,1
nails,1.307708,140.775762,170.1004,130.0752,109.025,1
nails,1.541009,148.596297,166.9461,108.3356,85.4211,1
nails,1.234042,138.4163,189.2677,153.3721,131.6827,1
nails,1.229442,132.228625,131.9478,107.3233,61.8081,1
nails,1.343076,137.882324,123.9447,92.2842,67.7725,1
nails,0.905142,122.687634,126.6675,139.9422,130.8108,1
nails,0.940568,125.246786,97.9246,104.1122,96.3975,1
nails,0.926724,123.330398,133.0434,143.5632,133.3056,1
nails,1.519526,148.209287,158.7948,104.5029,92.2798,1
nails,1.283948,137.706698,181.3917,141.2765,96.3525,1
nails,1.291502,141.689618,178.2461,138.0146,126.1904,1
nails,1.395662,147.705085,185.5247,132.9296,128.4423,1
nails,1.292405,140.082079,166.3591,128.7206,111.5533,1
nails,1.232944,134.593103,136.3112,110.5575,85.1314,1
nails,1.261272,139.44996,150.8926,119.6353,112.596,1
nails,1.257198,139.944146,158.2397,125.867,120.2042,1
nails,1.137296,132.611651,152.7065,134.2715,118.3336,1
nails,1.126094,130.24077,188.8863,167.7359,131.4363,1
nails,1.076512,124.191239,157.5628,146.3641,91.6126,1
nails,1.336242,139.022129,161.399,120.7858,82.6046,1
nails,1.249465,133.219787,167.0517,133.6986,65.7434,1
nails,1.657171,149.310382,154.7169,93.3621,52.3529,1
nails,1.167034,129.561555,166.2576,142.4616,84.293,1
nails,1.253052,135.292221,191.6028,152.9089,92.6521,1
nails,1.791803,150.580571,139.2095,77.6924,39.4733,1
nails,1.56607,147.632216,168.9194,107.862,52.9785,1
nails,1.493609,147.07845,201.4164,134.8521,62.1651,1
nails,1.074141,120.015306,191.8659,178.6226,69.2849,1
nails,1.449623,141.965726,168.599,116.3054,45.4564,1
nails,1.28834,134.789826,178.8146,138.7946,52.7265,1
nails,1.390595,138.754972,163.4479,117.5381,39.6486,1
nails,1.181052,128.284157,208.1203,176.2161,67.0897,1
nails,1.242468,139.392607,199.8511,160.8501,139.2086,1
nails,1.342288,142.116288,170.8941,127.3155,103.3054,1
nails,1.236267,134.766213,152.2965,123.1906,90.0236,1
nails,0.957458,124.481283,146.2746,152.7739,144.3613,1
nails,0.980146,126.070757,194.5041,198.4441,194.4854,1
nails,0.936289,122.457847,135.9082,145.1562,132.0644,1
nails,1.556932,149.717698,161.0603,103.4472,88.2831,1
nails,1.542722,146.635522,143.7955,93.2089,74.5138,1
nails,1.182423,133.062289,155.4808,131.4934,101.3663,1
nails,1.492106,148.761117,173.4968,116.2764,96.6093,1
nails,1.333347,140.870954,169.0727,126.8032,93.6618,1
nails,1.375517,143.458025,174.9866,127.2152,94.8169,1
nails,1.146996,129.825471,116.9129,101.9296,71.9056,1
nails,1.108387,131.085918,157.8531,142.417,125.492,1
nails,1.183684,131.365284,123.8822,104.6581,71.9926,1
nails,1.433424,141.029322,131.9071,92.0224,62.7548,1
nails,1.232789,131.798019,100.3521,81.4025,50.8657,1
nails,1.066052,125.642038,103.9475,97.507,63.463,1
nails,1.123108,133.310301,215.7475,192.0987,170.2009,1
nails,1.228068,135.543298,171.9411,140.0094,103.7577,1
nails,1.069275,130.600668,210.3114,196.6861,182.6635,1
nails,1.312203,144.729311,179.8867,137.0876,137.0793,1
nails,1.413316,143.813213,146.2765,103.4988,90.7035,1
nails,1.632052,155.638135,187.9443,115.1583,100.8701,1
nails,1.115741,127.022467,109.2547,97.9212,59.4763,1
nails,1.269604,139.275512,166.8833,131.4451,115.0958,1
nails,1.05452,125.731311,157.0134,148.8956,116.257,1
nails,1.374737,136.497686,116.3396,84.6268,40.4813,1
nails,1.183458,132.601764,120.6582,101.9539,83.3602,1
nails,1.076029,127.114288,183.9363,170.9398,134.2672,1
nails,1.599127,146.094515,128.5639,80.3963,64.9665,1
nails,1.307331,137.201045,126.5301,96.785,76.5148,1
nails,1.13919,131.398316,157.7664,138.49,113.3568,1
nails,1.173993,131.238545,139.6513,118.9541,86.2001,1
nails,1.396479,144.071902,167.2577,119.771,101.7116,1
nails,1.073277,125.08216,136.7998,127.4599,84.0691,1
nails,1.087314,127.012,183.5492,168.8097,127.4208,1
nails,1.363776,136.333737,120.8799,88.6362,46.9533,1
nails,1.232483,131.444348,165.6899,134.4358,59.6367,1
nails,1.121239,127.622635,140.2985,125.1282,81.8421,1
nails,1.163067,132.943033,182.6708,157.0595,124.2179,1
nails,1.105691,130.264802,190.6194,172.3985,144.4043,1
nails,1.76965,154.489234,163.0128,92.1159,65.8721,1
nails,1.047878,125.31985,209.9094,200.3187,161.0837,1
nails,1.344115,140.57412,167.5235,124.6348,87.9778,1
nails,1.051663,128.252915,133.7526,127.1821,114.2885,1
nails,1.193681,130.573975,43.546,36.4804,33.7297,1
nails,1.057218,127.910389,142.8959,135.1622,117.0596,1
nails,1.236293,134.630296,145.9562,118.0595,83.1344,1
nails,1.119493,127.383978,144.5153,129.0899,76.7849,1
nails,1.077939,122.808374,130.3888,120.9612,47.912,1
nails,1.282592,134.449396,132.5042,103.3096,60.6139,1
nails,1.164236,129.91963,144.2155,123.8714,77.1958,1
nails,1.236185,132.159901,111.0516,89.8342,54.3064,1
nails,1.095144,126.353817,54.738,49.9825,27.1054,1
nails,1.188827,128.580716,43.6691,36.733,22.0423,1
nails,1.057997,123.024919,122.1996,115.5009,56.9791,1
nails,1.165983,128.518766,100.0702,85.8248,40.6166,1
nails,1.266203,134.676473,123.7529,97.7354,67.3613,1
nails,1.659346,141.94542,89.7316,54.0765,35.2679,1
nails,1.394312,143.18961,164.9719,118.3178,91.8842,1
nails,1.373238,139.027161,157.5314,114.7153,54.8444,1
nails,1.10838,128.844809,178.1181,160.7012,123.8674,1
nails,1.220598,134.419171,176.8126,144.8574,97.6067,1
nails,1.350565,144.99221,201.1077,148.9063,124.3614,1
nails,1.362548,137.974581,146.1951,107.2954,53.0708,1
nails,1.393525,142.175287,191.4532,137.3878,72.4485,1
nails,1.242373,137.3833,222.7524,179.296,124.1112,1
nails,1.266602,139.077079,217.3873,171.6303,118.2258,1
nails,2.089807,161.178658,172.219,82.409,49.6904,1
nails,1.429593,143.238625,164.8161,115.2888,78.4947,1
nails,1.597647,147.299608,154.6058,96.7709,59.3457,1
nails,1.197265,136.050967,207.5969,173.3926,134.7623,1
nails,1.380977,140.57712,166.7818,120.7708,69.6923,1
nails,1.456218,143.820277,156.2559,107.3025,73.5585,1
nails,1.127307,130.913566,168.6995,149.6482,119.0601,1
nails,1.223617,132.12574,140.0202,114.4314,65.4367,1
nails,1.159851,131.896518,170.6511,147.1319,111.6248,1
nails,1.194689,132.255947,152.2605,127.4478,85.1511,1
nails,1.41258,145.261125,180.2999,127.6387,98.1904,1
nails,1.317082,136.721569,145.743,110.6559,63.7902,1
nails,1.224353,137.357059,160.8154,131.3472,116.3545,1
nails,1.120008,127.920663,127.9965,114.2818,75.1776,1
nails,1.150206,130.878147,151.6249,131.8241,98.1408,1
nails,1.381786,137.017403,107.5527,77.836,49.3291,1
nails,1.356803,140.581007,180.3987,132.9587,77.0223,1
nails,1.475192,146.733891,180.1419,122.1143,82.2372,1
nails,1.262036,138.764213,159.2617,126.1942,111.5002,1
nails,1.671286,144.064209,103.4222,61.8818,47.842,1
nails,1.260591,134.066225,139.1861,110.4134,66.3349,1
nails,1.518814,147.418171,155.6511,102.482,84.3793,1
nails,1.655855,148.007581,133.3604,80.5387,61.4095,1
nails,1.184845,134.939791,196.3853,165.7478,135.3563,1
nails,1.230992,135.926146,169.0068,137.2931,105.5724,1
nails,1.228214,133.302914,165.9212,135.0915,80.3772,1
nails,1.194136,130.249141,120.4059,100.8309,58.1807,1
nails,1.411893,145.849309,162.3235,114.9687,107.1385,1
nails,1.455912,149.294657,197.0991,135.3784,112.9465,1
nails,1.544319,146.65878,152.5258,98.7657,68.2175,1
nails,1.248709,138.617264,185.0475,148.191,123.9489,1
nails,1.37261,142.653554,165.4071,120.5055,94.7067,1
nails,1.444637,143.635232,152.9146,105.8499,75.991,1
nails,1.476978,148.125369,173.9446,117.7707,98.1761,1
nails,1.155214,132.047886,163.5215,141.5508,111.2727,1
nails,1.323732,141.87905,171.8539,129.8253,109.0208,1
nails,1.126391,130.32993,159.0516,141.2047,112.5262,1
nails,1.164794,129.305431,135.8969,116.6703,70.4018,1
nails,1.198367,134.985032,168.3592,140.4904,115.0099,1
nails,1.561583,146.145417,145.2511,93.0153,60.8336,1
nails,1.561753,149.774939,169.2674,108.383,85.3367,1
nails,1.467751,147.386316,176.1227,119.9949,97.2266,1
nails,1.431805,147.026096,171.9615,120.1012,108.4275,1
nails,1.318785,140.541314,161.9569,122.8077,100.3269,1
nails,1.540431,149.089079,162.8507,105.7176,88.3817,1
nails,1.440686,141.201723,135.9247,94.3472,58.2054,1
nails,1.314686,142.384671,204.698,155.701,120.8466,1
nails,1.261016,138.286495,183.6858,145.6649,111.4754,1
nails,1.251969,131.755181,66.4932,53.1109,39.946,1
nails,1.314405,139.387139,163.8066,124.6241,91.1998,1
nails,1.478541,142.609345,124.7496,84.3735,66.1196,1
nails,1.36392,139.087724,143.9496,105.5411,69.7229,1
nails,1.24584,134.493282,164.0089,131.6452,82.1681,1
nails,1.404012,142.987774,158.1925,112.6717,86.5198,1
nails,1.570733,142.229529,122.0856,77.7252,30.6281,1
nails,1.356464,141.134562,177.235,130.6596,87.5166,1
nails,1.172555,130.977404,158.0587,134.7985,89.7052,1
nails,1.281368,139.746891,190.9654,149.0324,114.9092,1
nails,1.180259,129.602264,130.8208,110.8407,61.0569,1
nails,1.233618,136.064241,164.2406,133.1373,103.5684,1
nails,1.28775,139.160965,184.1973,143.0381,103.2156,1
nails,1.267131,135.637812,170.0354,134.1893,81.5103,1
nails,1.544147,146.356543,152.8221,98.9686,63.9751,1
nails,1.399617,141.261415,139.8496,99.9199,75.1816,1
nails,1.861301,154.638216,149.9071,80.5389,58.4136,1
nails,1.183536,130.996016,144.9691,122.488,75.9842,1
nails,1.359484,139.314963,137.9243,101.4534,71.3103,1
nails,1.404874,141.180707,148.9901,106.0523,67.1432,1
nails,1.451692,144.525846,153.3895,105.6625,79.6041,1
nails,1.286929,140.648812,199.139,154.7397,119.8046,1
nails,1.631483,151.556749,169.3498,103.8011,78.9549,1
nails,1.130177,126.765391,193.2323,170.9753,86.6287,1
nails,1.135058,130.905066,103.7502,91.4052,73.7041,1
nails,1.731861,138.294253,56.0785,32.3805,31.2096,1
nails,1.048238,129.026145,101.5285,96.8563,86.973,1
nails,1.088197,129.232287,102.9302,94.5878,82.1872,1
nails,1.124002,130.48017,99.983,88.9527,76.1043,1
nails,1.272398,129.512943,20.0198,15.7339,14.1643,1
nails,1.209094,131.900034,75.68,62.5923,52.7372,1
nails,1.23321,134.655764,112.7631,91.4387,78.719,1
nails,1.253168,133.217609,84.6414,67.542,54.093,1
nails,1.139175,129.349752,110.7411,97.2116,64.3811,1
nails,1.108787,130.22398,151.6573,136.7776,106.3099,1
nails,1.218275,133.436025,118.2563,97.0687,64.8122,1
nails,1.174177,133.488573,106.0279,90.2998,83.6319,1
nails,1.073005,129.805874,131.7136,122.7521,113.1956,1
nails,1.18374,133.240819,98.718,83.395,76.7279,1
nails,1.008638,122.064305,118.6684,117.6521,75.3385,1
nails,1.014653,124.107853,154.2792,152.0512,122.7659,1
nails,1.057232,125.45946,109.2739,103.3584,71.0333,1
nails,1.229118,138.48196,197.7868,160.9177,130.5178,1
nails,1.358519,140.138385,149.3691,109.95,70.145,1
nails,1.327981,144.581555,215.4522,162.2404,120.5387,1
nails,1.21162,137.846583,189.4597,156.3688,127.9389,1
nails,1.188512,134.598377,195.4844,164.4784,108.1139,1
nails,1.17189,133.219529,167.8265,143.2102,101.0699,1
nails,1.272069,138.926259,176.1418,138.4688,92.5045,1
nails,1.095674,131.828454,202.4417,184.7646,164.6116,1
nails,1.110329,131.97471,220.4603,198.554,162.5007,1
nails,1.440175,136.605168,82.664,57.3986,39.1548,1
nails,1.251156,134.87805,155.8113,124.5338,81.8816,1
nails,1.159181,132.218867,182.4257,157.3747,121.2166,1
nails,1.206413,137.325011,173.1417,143.5177,129.8973,1
nails,1.261641,140.312898,169.1233,134.0503,124.4771,1
nails,1.421884,143.560394,137.3454,96.594,88.5331,1
nails,1.477278,134.586265,52.6548,35.6431,29.9569,1
nails,1.216183,134.063483,132.3083,108.7898,87.3423,1
nails,1.394098,136.873567,92.8835,66.6262,50.3827,1
nails,1.161236,130.981968,113.0199,97.3273,71.5439,1
nails,1.318902,139.773084,148.8802,112.882,87.092,1
nails,1.03648,126.539378,187.1079,180.5225,155.5025,1
nails,1.002892,129.403074,187.533,186.9922,192.7323,1
nails,1.011946,133.391268,81.4108,80.4498,100.8238,1
nails,1.030907,132.871196,148.5152,144.0626,158.7692,1
nails,1.145307,129.792616,130.0446,113.5456,76.7572,1
nails,1.098182,126.428412,125.6076,114.3777,70.631,1
nails,1.111,128.506476,154.6873,139.2325,100.5679,1
nails,1.149546,131.320285,112.0559,97.4784,80.0382,1
nails,1.075036,128.072902,142.4861,132.5408,110.265,1
nails,1.056715,130.621748,212.9448,201.5159,193.2047,1
nails,1.275617,137.148594,172.2718,135.0498,94.0103,1
nails,1.124284,130.648425,173.5834,154.3947,124.8794,1
nails,1.19387,135.07195,165.151,138.3325,116.7862,1
nails,1.03368,126.492073,147.0642,142.2724,118.7765,1
nails,1.043531,125.394752,155.499,149.0124,113.7843,1
nails,1.181465,134.357543,140.1329,118.6095,102.0027,1
nails,0.946088,121.508605,122.7098,129.7023,106.4598,1
nails,0.999116,125.483057,172.6364,172.7892,157.8368,1
nails,1.033701,129.76131,163.5686,158.2359,156.2146,1
nails,1.012676,128.691473,196.5508,194.0905,192.7491,1
nails,1.043198,130.495863,166.6393,159.7389,158.7763,1
nails,1.316626,141.937469,196.8938,149.5442,119.7031,1
nails,1.210687,135.890163,178.5771,147.5006,120.784,1
nails,1.176388,133.118288,190.4237,161.8716,124.4898,1
nails,1.468892,145.045725,145.4802,99.0407,80.8296,1
nails,1.164833,132.224738,156.7636,134.5804,105.7236,1
nails,1.067285,126.303431,174.4009,163.406,126.9247,1
nails,1.050899,125.861502,163.5777,155.655,120.8326,1
nails,1.148334,133.961549,168.75,146.952,130.8067,1
nails,1.071927,130.743601,201.7776,188.2381,174.7849,1
nails,1.32172,142.640554,179.1773,135.5637,115.4387,1
nails,1.326494,142.247915,167.7573,126.4667,108.9235,1
nails,1.05259,126.47396,162.1968,154.0931,125.2908,1
nails,1.059083,127.716811,116.7984,110.2825,92.194,1
nails,1.044653,128.358349,165.8031,158.716,145.24,1
nails,1.059949,129.426058,171.9082,162.1854,148.8366,1
nails,1.099592,131.615974,202.7497,184.3864,164.5907,1
nails,1.102761,129.244012,191.3637,173.5315,136.2232,1
nails,1.108916,129.320108,162.4228,146.47,114.0171,1
nails,1.193007,133.469363,154.9573,129.8881,98.845,1
nails,1.616095,153.37051,179.5045,111.073,92.3225,1
nails,1.196606,133.93134,181.7235,151.8658,112.7685,1
nails,1.115365,132.030548,186.4098,167.129,145.7854,1
nails,1.235118,134.205013,151.7191,122.8377,76.2181,1
nails,1.100269,131.669876,209.9743,190.8391,169.8018,1
nails,1.163012,132.8211,198.4661,170.6484,129.3509,1
nails,1.202271,138.933904,203.383,169.1657,156.8277,1
nails,1.372757,141.494153,157.6871,114.8689,85.395,1
nails,1.123801,132.403348,175.6447,156.2952,132.1537,1
nails,1.108567,132.959581,191.6404,172.8722,158.1466,1
nails,1.116518,129.929404,130.1949,116.6079,90.9213,1
nails,1.122009,133.044806,173.5691,154.6949,141.1903,1
nails,1.227817,137.151707,159.7796,130.1331,112.5292,1
nails,1.147641,128.421913,164.6329,143.4532,82.4364,1
nails,1.476523,144.718956,145.3411,98.4347,77.2254,1
nails,1.394094,142.896744,148.8172,106.7483,89.1695,1
nails,1.329211,138.95871,159.9504,120.3348,79.2428,1
nails,1.059705,126.981758,207.3487,195.6666,162.0708,1
nails,1.156373,131.886808,184.5061,159.5559,117.8441,1
nails,1.097754,132.625216,211.1342,192.3329,178.8224,1
nails,1.19988,136.748456,171.0084,142.5212,126.4274,1
nails,1.311116,140.967936,169.3329,129.1517,107.4757,1
nails,1.09737,128.839309,164.5208,149.9228,119.835,1
nails,1.293647,138.382478,142.9259,110.4829,92.0602,1
nails,1.332462,137.385058,119.3501,89.5711,68.0062,1
nails,1.665627,146.928114,121.5292,72.963,58.0887,1
nails,1.036245,126.344059,211.6595,204.2564,177.6685,1
nails,1.086456,130.637135,220.8887,203.3113,178.7523,1
nails,1.206595,136.501411,175.3128,145.2954,123.0621,1
nails,1.627146,144.072709,102.1613,62.7856,50.4862,1
nails,1.081374,129.450444,217.3077,200.9552,168.3454,1
nails,1.150252,133.70865,214.0026,186.0485,150.4941,1
nails,1.174796,132.26985,151.4819,128.9431,93.3891,1
nails,1.246142,137.276512,159.1047,127.6779,103.2706,1
nails,1.119996,130.957904,214.981,191.948,150.0921,1
nails,1.272248,139.076531,150.6589,118.4194,102.8648,1
nails,1.335598,140.840648,150.6241,112.7766,92.5972,1
nails,1.148416,133.055306,155.8613,135.7185,117.0669,1
nails,1.542418,146.562523,129.798,84.1523,80.7474,1
nails,1.214103,136.23098,173.3559,142.7852,114.8348,1
nails,1.670259,144.342349,98.3721,58.8963,53.2581,1
nails,1.10856,130.606813,161.2582,145.4663,122.0666,1
nails,1.10285,130.010064,142.7289,129.4182,109.414,1
nails,1.016817,124.772375,180.409,177.4253,150.3337,1
nails,1.046404,126.3893,150.1066,143.45,116.8913,1
nails,1.121057,131.982774,154.6884,137.9844,120.5338,1
nails,1.110918,130.750907,156.5831,140.9493,118.8615,1
nails,1.023296,125.416122,179.3965,175.3124,150.6341,1
nails,1.187895,133.141514,124.6453,104.9295,86.7768,1
nails,1.222883,136.529153,150.6512,123.1935,106.6933,1
nails,1.093385,124.189142,141.4411,129.3608,64.9946,1
nails,1.045467,119.396994,152.1714,145.5535,48.4937,1
nails,1.444273,142.50025,161.3488,111.7163,58.994,1
nails,1.186053,128.987403,127.2941,107.3258,47.9947,1
nails,1.540283,150.289124,188.5135,122.3889,85.767,1
nails,1.22659,135.96021,186.0847,151.7089,113.491,1
nails,1.366902,141.224077,154.1501,112.7733,84.9707,1
nails,1.112288,127.362317,167.5083,150.598,102.0327,1
nails,1.35035,139.998468,158.4464,117.3373,81.4173,1
nails,1.462267,140.443654,120.6278,82.4937,50.0075,1
nails,1.867085,146.793939,103.5767,55.4751,36.6677,1
nails,1.274438,136.97021,179.1068,140.5379,91.9246,1
nails,2.220986,161.452331,153.0599,68.9153,52.1276,1
nails,1.385266,140.051112,156.1824,112.7454,63.089,1
nails,1.431147,148.045693,192.343,134.3978,112.225,1
nails,1.664749,148.657183,142.6245,85.6733,62.55,1
nails,1.053395,123.309092,215.2311,204.3214,137.946,1
nails,1.12674,126.666118,196.0655,174.0113,91.3772,1
nails,0.934369,120.808148,114.9512,123.0254,101.0996,1
nails,0.979193,122.368591,124.1802,126.819,100.2911,1
nails,0.9413,123.026919,75.2797,79.9742,63.1776,1
nails,1.701267,144.422574,95.9582,56.404,52.0163,1
nails,1.13645,129.057789,152.099,133.8369,93.718,1
nails,1.229909,137.601894,170.9031,138.9559,122.019,1
nails,1.435221,146.677247,196.2499,136.7385,100.4671,1
nails,1.202303,135.80131,195.8308,162.8797,131.0561,1
nails,1.380134,141.22927,180.9332,131.0982,71.9071,1
nails,1.120822,129.520298,147.6093,131.6974,98.345,1
nails,1.241014,137.678892,146.1371,117.7562,104.7027,1
nails,1.158383,130.126788,137.9889,119.122,74.9672,1
nails,1.181186,129.663957,162.2425,137.3557,61.5573,1
nails,1.201593,133.436428,177.639,147.8363,95.6842,1
nails,1.25259,139.984774,215.6615,172.1724,136.3689,1
nails,0.993785,125.228835,173.0735,174.1559,159.8974,1
nails,0.907108,119.016177,130.1753,143.5059,119.4519,1
nails,0.975453,123.949485,159.1559,163.161,148.0762,1
nails,1.062605,131.153594,166.0472,156.2642,152.4831,1
nails,1.078199,131.833003,149.8607,138.9917,135.6762,1
nails,1.083478,131.545314,112.7967,104.1061,102.8187,1
nails,0.993662,126.424961,160.263,161.2851,153.5203,1
nails,0.994472,126.202787,151.7148,152.5582,143.0552,1
nails,0.996181,126.179384,151.5732,152.1543,141.7601,1
nails,1.290012,137.022984,146.6015,113.6435,84.1323,1
nails,1.250619,136.435251,155.6001,124.4184,98.8941,1
nails,1.147923,132.915501,184.3243,160.5719,134.6795,1
nails,1.275739,134.984387,118.4101,92.8169,67.6566,1
nails,1.509554,143.402639,117.4253,77.7881,66.4209,1
nails,1.253043,136.699876,145.3134,115.9684,96.1402,1
nails,1.097605,128.92734,171.3632,156.1247,124.138,1
nails,1.053566,124.216497,142.1345,134.908,88.4628,1
nails,1.064245,126.453283,202.0799,189.881,147.5033,1
nails,1.147632,132.74002,184.4549,160.7265,134.7438,1
nails,1.052472,126.928904,196.943,187.1242,159.2005,1
nails,1.187193,130.148981,115.3854,97.1918,62.0186,1
nails,1.317525,146.746633,212.7261,161.4588,157.1125,1
nails,1.32251,143.302124,189.8034,143.5175,124.0116,1
nails,1.540831,152.125788,179.5462,116.5256,108.7459,1
nails,1.09254,127.644764,78.4877,71.8397,49.5943,1
nails,1.138098,132.42538,131.6691,115.6923,95.788,1
nails,1.30828,136.490815,111.2594,85.0425,62.1139,1
nails,1.11752,127.437719,156.378,139.9331,88.5004,1
nails,1.102232,127.179384,68.2009,61.8752,40.0424,1
nails,1.149305,130.705392,149.9643,130.4826,96.0868,1
nails,1.321363,137.850083,120.0515,90.8543,73.6939,1
nails,1.175828,133.928372,160.3451,136.3678,113.9613,1
nails,1.069404,128.145207,213.9519,200.0666,169.5021,1
nails,1.584387,150.215319,179.8738,113.529,68.4309,1
nails,1.486801,148.042935,178.1176,119.7992,92.9541,1
nails,1.147831,133.532733,205.0031,178.6005,151.4071,1
nails,1.184009,133.370704,98.9338,83.5583,77.2028,1
nails,1.064805,128.683779,100.8124,94.6769,84.9064,1
nails,1.172148,130.678344,62.4919,53.314,46.8818,1
nails,1.243272,136.795745,189.4506,152.3806,111.777,1
nails,1.468412,141.421284,127.2195,86.6375,58.2209,1
nails,1.075801,124.735391,184.7645,171.7459,113.2637,1
nails,1.247007,136.707118,100.6218,80.6907,75.9225,1
nails,1.008697,128.020484,164.2717,162.8553,154.4397,1
nails,1.055361,129.597039,141.6756,134.2437,123.9116,1
nails,1.681169,146.612716,129.947,77.2956,40.9767,1
nails,1.747977,148.218222,124.4494,71.1963,46.551,1
nails,1.491832,146.363591,160.8741,107.8366,82.182,1
nails,1.35619,142.207222,168.3297,124.1196,97.3555,1
nails,1.639978,154.772375,200.9496,122.5319,82.9641,1
nails,1.402417,142.611184,169.4631,120.8365,78.2808,1
nails,1.859662,157.701924,165.6544,89.0777,72.7851,1
nails,1.443214,139.663893,120.9615,83.814,50.5424,1
nails,1.589761,143.864276,123.3381,77.5828,44.1306,1
nails,1.066143,129.717811,119.3629,111.9578,100.5772,1
nails,1.039169,127.836761,136.0411,130.9134,114.3818,1
nails,1.063512,130.476976,138.703,130.4198,125.3962,1
nails,1.278602,138.435477,177.6238,138.9203,101.0824,1
nails,1.253072,137.194932,152.6696,121.8363,101.0189,1
nails,1.467829,144.180562,148.848,101.4069,70.2745,1
nails,1.122926,133.638345,186.1883,165.8065,154.3021,1
nails,1.714206,150.026048,126.4667,73.7757,77.0256,1
nails,1.132338,136.06316,185.0876,163.4562,164.1779,1
nails,1.16689,132.728504,158.8521,136.1328,107.7737,1
nails,1.236149,139.224674,175.4607,141.9413,129.4401,1
nails,1.193316,133.084999,142.3245,119.2681,89.8255,1
nails,1.814761,158.398106,179.205,98.7486,77.1569,1
nails,1.321224,136.108047,134.0484,101.4577,57.9724,1
nails,1.222411,132.869309,144.4473,118.1659,72.1133,1
nails,1.570275,137.837632,63.1958,40.245,39.4309,1
nails,1.238599,132.845115,83.5048,67.4188,55.1379,1
nails,1.240416,138.306543,156.7636,126.3799,116.1569,1
nails,1.002306,125.288092,168.4549,168.0674,151.7558,1
nails,1.158552,131.869309,93.9618,81.1028,68.5464,1
nails,1.455319,136.6162,67.9518,46.692,39.1663,1
nails,1.024281,125.087224,135.1822,131.9777,106.0321,1
nails,1.05152,126.542911,113.2407,107.6924,84.3867,1
nails,0.93629,122.350156,66.2615,70.7702,47.5731,1
nails,1.91275,159.160159,175.2289,91.611,61.9373,1
nails,1.393013,141.070434,163.8818,117.6455,67.3762,1
nails,1.339362,139.954823,179.3801,133.9295,84.7161,1
nails,1.100067,128.48967,177.7266,161.5598,124.286,1
nails,1.2427,135.693795,151.8209,122.1702,92.2887,1
nails,1.043984,125.715198,180.8857,173.2648,142.0055,1
nails,1.461671,153.109111,198.9972,136.1436,141.662,1
nails,1.62778,153.49596,180.5222,110.9009,91.2464,1
nails,1.640586,154.763826,186.611,113.7466,96.5845,1
nails,1.069848,128.87276,188.1355,175.8525,150.0326,1
nails,1.163293,132.173868,124.1827,106.751,84.8443,1
nails,1.269398,136.99679,132.86,104.6638,82.0661,1
nails,2.069179,151.089563,109.5853,52.9608,37.7502,1
nails,2.013269,145.982097,84.6208,42.0315,31.2707,1
nails,1.334755,137.571588,151.4642,113.4772,65.3147,1
nails,1.472067,139.807439,101.9833,69.279,52.1894,1
nails,1.296422,136.717182,145.4963,112.2291,75.1516,1
nails,1.271054,134.898163,152.5708,120.0349,64.5627,1
nails,1.311945,134.577571,138.7189,105.7353,33.4322,1
nails,1.491331,143.013661,138.4391,92.8292,52.9917,1
nails,1.275934,137.784713,196.0691,153.6672,92.3698,1
nails,1.195819,137.1924,164.0902,137.2199,129.0614,1
nails,1.254297,138.385494,171.0375,136.3613,113.8493,1
nails,1.191011,132.125208,133.3821,111.9907,80.9832,1
nails,1.094011,127.246125,202.7911,185.3648,130.7103,1
nails,1.127723,132.19032,205.756,182.4527,153.4988,1
nails,1.244885,138.786874,215.4377,173.0584,134.1771,1
nails,1.472518,145.539943,166.6016,113.1406,85.0203,1
nails,1.18365,136.848228,195.2336,164.9421,149.65,1
nails,1.56066,143.093192,126.7709,81.2291,51.0331,1
nails,1.19113,133.086853,179.9092,151.0409,107.2474,1
nails,1.384211,142.293818,171.0282,123.5564,87.9174,1
nails,1.110478,130.932114,229.2697,206.4603,171.4871,1
nails,0.999511,124.240883,169.3049,169.3878,139.3942,1
nails,1.025586,126.315737,155.4042,151.5272,128.8445,1
nails,1.032959,123.812664,123.3849,119.448,77.8957,1
nails,1.13316,128.704343,178.1027,157.1735,98.4199,1
nails,1.106286,127.756536,170.0583,153.7201,107.4095,1
nails,1.021528,121.95163,195.4967,191.3767,140.524,1
nails,1.258615,134.518653,153.1303,121.6657,73.9608,1
nails,1.15683,133.097515,188.2951,162.7682,132.4758,1
nails,1.559172,146.343882,146.6398,94.0498,66.0486,1
nails,1.372952,140.658344,155.9269,113.5705,77.974,1
nails,1.510062,146.507589,152.62,101.0687,79.4701,1
nails,1.163831,131.997145,174.3686,149.823,111.9424,1
nails,1.211609,136.073741,164.6567,135.8992,115.4253,1
nails,1.15856,132.716521,164.076,141.6206,114.8734,1
nails,1.262657,139.837761,179.7768,142.3798,124.0807,1
nails,1.549266,146.072305,147.1048,94.9513,64.6582,1
nails,1.194366,139.062918,218.0745,182.586,166.1919,1
nails,1.382257,146.094305,183.3073,132.6145,120.2723,1
nails,1.298404,138.764133,165.2067,127.2383,95.6294,1
nails,1.166495,134.856712,181.4081,155.5156,135.7942,1
nails,1.165896,136.703634,193.5156,165.9802,155.7621,1
nails,1.255699,141.556749,209.0443,166.4764,151.0534,1
nails,1.460644,151.65278,212.5067,145.4884,131.0483,1
nails,1.298995,138.614232,170.7492,131.4472,96.6698,1
nails,1.120528,130.506169,162.8782,145.3584,119.8094,1
nails,1.078069,127.271802,221.8899,205.8216,161.5385,1
nails,1.338771,138.114272,152.7476,114.0954,71.5564,1
nails,1.094718,131.90026,195.8536,178.9078,163.2022,1
nails,1.092282,130.021322,184.567,168.9738,144.0552,1
nails,1.09052,131.889002,178.9479,164.0942,151.8479,1
nails,1.370625,140.107305,141.9519,103.5673,67.3455,1
nails,1.196171,135.47496,159.9954,133.7564,116.1082,1
nails,1.101543,128.979887,184.417,167.417,132.8163,1
nails,1.299108,138.633216,136.3264,104.9385,88.5438,1
nails,1.016015,127.696876,244.9866,241.125,231.5138,1
nails,1.213394,136.823616,173.0912,142.6504,122.0154,1
nails,1.257153,137.265996,149.4832,118.9061,99.1567,1
nails,1.121269,134.747488,186.7768,166.5763,161.2846,1
nails,1.168802,134.2054,160.0774,136.9585,118.7006,1
nails,1.167068,129.738343,92.467,79.2301,54.4136,1
nails,1.145838,129.062451,124.9831,109.0757,73.6677,1
nails,1.220229,135.447767,135.5709,111.1029,96.0088,1
nails,1.378403,145.939985,180.6945,131.0898,119.669,1
nails,1.169571,134.740198,191.7923,163.9851,139.7286,1
nails,1.339787,139.079902,156.3042,116.6635,77.0728,1
nails,0.898967,113.745536,151.1133,168.0966,120.7816,1
nails,0.809733,109.11795,113.3482,139.9823,88.0347,1
nails,0.989831,120.824358,170.1646,171.9128,131.0258,1
nails,0.961506,123.072402,128.8284,133.9861,117.8323,1
nails,0.95359,122.4218,127.6107,133.8214,116.4775,1
nails,0.929238,123.123482,81.1315,87.3097,74.3488,1
nails,1.108274,128.06945,204.2372,184.284,135.6681,1
nails,1.783107,145.281947,96.6134,54.1826,39.8596,1
nails,1.201124,131.655183,163.6423,136.241,83.2506,1
nails,1.355552,142.173433,170.4309,125.728,98.1038,1
nails,1.606917,147.4273,141.1005,87.8082,57.4258,1
nails,1.180095,131.741617,177.4718,150.3877,101.4101,1
nails,1.200121,133.100208,139.6295,116.3462,87.464,1
nails,1.229558,134.762697,140.1561,113.989,85.4336,1
nails,1.238266,133.618958,127.5782,103.0297,68.9463,1
nails,1.554459,145.761101,145.7974,93.793,54.5938,1
nails,1.859699,151.133466,132.7852,71.4015,37.0871,1
nails,1.890908,152.861583,138.5414,73.2672,42.484,1
nails,1.131677,132.139353,169.9728,150.1955,129.0065,1
nails,1.222254,134.911469,123.5537,101.0868,87.0873,1
nails,1.117,131.615942,166.8141,149.3412,131.6294,1
nails,1.420788,139.609039,124.6974,87.7664,54.988,1
nails,1.118775,131.104724,176.7643,157.9981,132.127,1
nails,1.159698,132.510992,152.0165,131.0829,107.8322,1
nails,1.023935,127.128014,162.5418,158.7423,145.5972,1
nails,0.975033,123.425687,122.0187,125.143,106.3484,1
nails,0.994361,125.566523,177.5512,178.558,166.8016,1
nails,1.327037,141.166126,137.1537,103.3533,98.9131,1
nails,1.132433,135.839035,186.4843,164.6758,163.6131,1
nails,1.456663,141.835164,105.5347,72.4497,67.7729,1
nails,1.091395,130.688957,204.7952,187.6453,165.8736,1
nails,1.098048,129.916211,172.99,157.5431,133.333,1
nails,1.239502,134.322172,123.9996,100.0398,75.6376,1
nails,1.170029,134.482605,170.1507,145.4244,124.6525,1
nails,1.115506,134.204158,206.2625,184.9049,174.6758,1
nails,1.038182,127.054193,203.0588,195.5908,173.0532,1
nails,1.348694,138.009742,105.8608,78.4913,68.0438,1
nails,1.015812,126.931275,158.63,156.1608,143.265,1
nails,1.129531,133.206803,167.1564,147.9875,135.5923,1
nails,0.957295,124.817277,163.0647,170.3391,166.8227,1
nails,0.94812,124.639554,133.1084,140.3919,135.7468,1
nails,0.979867,126.70065,151.4707,154.583,153.6046,1
nails,1.184206,137.894389,158.57,133.9041,134.9753,1
nails,1.0908,133.950888,204.3368,187.3275,183.9155,1
nails,1.109957,132.899921,189.8147,171.0109,157.0693,1
nails,2.213839,158.223932,140.7089,63.5588,43.9124,1
nails,2.324879,167.468025,185.0108,79.5787,49.9598,1
nails,1.194237,131.28677,195.2917,163.5285,82.3473,1
nails,1.091966,135.8206,184.5549,169.0116,180.2523,1
nails,1.039484,131.592442,224.7171,216.1815,219.3863,1
nails,1.130425,137.426364,176.2889,155.9492,165.6349,1
nails,1.159035,141.29764,192.668,166.2314,186.0165,1
nails,1.332625,146.370784,142.2983,106.7804,130.3209,1
nails,1.242924,145.629119,168.3861,135.4758,162.7672,1
nails,1.136513,131.692279,118.0407,103.8622,92.5037,1
nails,1.142609,132.706731,136.2845,119.2748,105.9938,1
nails,1.21286,134.6297,92.5438,76.3022,75.0899,1
nails,1.226694,133.664522,129.4984,105.567,75.5462,1
nails,1.367427,142.87026,175.3217,128.2129,93.3264,1
nails,1.130203,131.657344,183.9312,162.7417,132.4045,1
nails,1.117094,131.247964,173.1515,155.0017,129.8048,1
nails,1.263765,134.729456,152.171,120.4108,66.8564,1
nails,1.189788,135.388526,180.2732,151.517,125.4163,1
nails,1.46843,143.805858,136.2713,92.8006,74.0784,1
nails,1.242016,138.704602,178.3076,143.5631,125.2957,1
nails,1.148747,131.307479,191.352,166.5746,125.5147,1
nails,1.104818,125.543023,178.6847,161.7323,94.705,1
nails,1.044684,122.884599,166.5641,159.4397,107.2813,1
nails,1.469704,142.793003,137.8636,93.8036,61.2478,1
nails,1.296599,137.685505,144.1026,111.1389,86.0061,1
nails,1.828337,146.35743,108.2902,59.2288,35.7907,1
nails,1.17114,133.579507,156.7161,133.8151,111.8777,1
nails,1.277686,138.067241,175.9805,137.7337,102.8436,1
nails,1.09248,127.531201,194.8643,178.3687,136.2927,1
nails,1.194057,133.45667,194.7209,163.075,117.5213,1
nails,1.160582,134.663231,158.3147,136.4098,125.9611,1
nails,1.451772,144.10903,121.815,83.9078,86.7525,1
nails,1.340743,142.49067,137.8176,102.792,103.3013,1
nails,1.115691,129.239948,135.3597,121.3237,93.9015,1
nails,1.15821,131.77231,138.9163,119.9405,96.0305,1
nails,1.182655,132.843922,122.1242,103.2627,86.2084,1
nails,1.100906,134.4153,132.3914,120.2567,129.221,1
nails,1.077673,133.143207,116.5377,108.1382,117.3109,1
nails,1.098715,133.153062,105.4662,95.9905,102.8419,1
nails,1.177375,137.458912,118.0362,100.2537,112.5917,1
nails,1.103882,135.060757,156.6178,141.8792,149.4604,1
nails,1.080271,133.59341,155.0201,143.5011,150.1669,1
nails,1.16179,132.243464,156.2616,134.5008,105.0293,1
nails,1.028071,121.847422,122.9037,119.5478,61.6025,1
nails,1.013303,120.971468,106.7914,105.3893,46.5873,1
nails,1.018856,124.019355,167.6267,164.5244,131.6939,1
nails,1.108288,128.787391,152.4991,137.5989,103.8405,1
nails,1.04083,122.757359,130.8326,125.7003,74.8767,1
nails,1.69473,157.050322,190.8734,112.6276,94.343,1
nails,1.837277,157.949598,185.0328,100.7104,54.4474,1
nails,1.959248,159.662328,169.6507,86.5897,61.6619,1
nails,1.216556,131.289479,154.9859,127.3973,60.9764,1
nails,1.158036,128.272915,138.8406,119.8932,64.3708,1
nails,1.381583,140.382671,144.6952,104.7314,72.0457,1
nails,1.033459,128.802939,244.2746,236.3661,222.8758,1
nails,1.1346,135.67365,227.501,200.5121,184.5519,1
nails,1.208981,136.989,183.0485,151.4073,130.097,1
nails,1.146117,133.836357,147.7442,128.9085,119.8171,1
nails,1.068501,131.612426,194.3568,181.8967,175.2638,1
nails,1.128827,133.854986,157.3597,139.401,132.7863,1
nails,1.296263,136.891615,137.9752,106.4408,79.346,1
nails,1.172574,134.682441,171.5469,146.2993,128.142,1
nails,1.40345,143.835954,152.6716,108.7831,96.4077,1
nails,1.24661,138.654683,192.1602,154.1462,124.1945,1
nails,1.21379,137.700956,174.6053,143.8514,129.4597,1
nails,1.500301,150.288834,171.5036,114.3128,110.5251,1
nails,1.072911,128.9695,207.8475,193.7231,163.4023,1
nails,1.26584,140.630538,188.2559,148.7201,127.8635,1
nails,1.382973,144.611039,167.7954,121.3295,108.018,1
nails,1.133384,136.353268,195.9582,172.8966,172.2903,1
nails,1.220846,140.045161,185.3753,151.8416,148.2949,1
nails,1.112452,133.333849,190.9604,171.6572,161.5133,1
nails,1.23659,134.687408,150.3581,121.5909,86.226,1
nails,1.341298,139.743746,180.1528,134.3123,77.9895,1
nails,1.634593,149.119385,149.4348,91.4202,66.8443,1
nails,1.329285,140.320366,160.2299,120.5383,94.1042,1
nails,1.21789,136.499218,167.7688,137.7536,116.4473,1
nails,1.242479,136.654635,141.8874,114.197,96.8434,1
nails,1.068652,129.086595,203.8812,190.7836,167.9412,1
nails,1.086298,126.912985,125.5293,115.557,83.5245,1
nails,1.126621,130.83689,159.235,141.3386,115.5757,1
nails,1.041521,128.101208,191.2544,183.63,167.9365,1
nails,1.035516,126.620474,171.0325,165.1664,144.0711,1
nails,1.064431,130.666441,208.4931,195.8729,183.4987,1
nails,1.312461,139.883276,160.132,122.0089,96.5418,1
nails,1.047958,123.311947,179.617,171.3972,116.503,1
nails,1.081418,125.077563,115.9062,107.1798,61.1227,1
nails,1.674888,147.174029,137.5994,82.1544,56.1748,1
nails,1.275617,137.679554,174.4128,136.7282,100.1567,1
nails,1.534182,144.687876,136.69,89.0964,67.1045,1
nails,1.32738,140.961307,177.1734,133.476,100.0224,1
nails,1.398047,141.442864,163.9655,117.2818,70.7408,1
nails,1.285025,139.02408,180.5269,140.4852,104.9715,1
nails,1.063321,127.432816,120.6662,113.4805,92.5197,1
nails,1.001784,123.742424,94.7298,94.5611,65.3135,1
nails,1.024393,124.861712,99.3049,96.9402,71.0646,1
nails,1.113577,132.162755,142.8425,128.2736,118.941,1
nails,1.050491,128.22748,147.3204,140.2396,124.6347,1
nails,1.101048,131.760197,139.6303,126.8158,116.9218,1
nails,1.713312,150.24869,126.6438,73.9175,75.1961,1
nails,1.221127,138.304431,175.4143,143.6495,132.1626,1
nails,1.262175,142.20669,179.508,142.2211,142.4557,1
nails,0.973115,123.602603,155.8461,160.1518,142.5427,1
nails,0.937021,122.887453,112.5305,120.0938,106.4238,1
nails,0.957602,123.366026,192.3264,200.8418,190.2491,1
nails,1.049359,129.880857,169.9247,161.932,154.4562,1
nails,0.991828,124.441009,122.4404,123.4492,104.7086,1
nails,0.984807,125.917517,179.3487,182.1156,175.0229,1
nails,1.21607,133.929453,109.1085,89.7222,73.7771,1
nails,1.463077,143.084337,121.3734,82.9577,72.2874,1
nails,1.228992,138.823003,178.0507,144.8754,130.7161,1
nails,0.9799,126.268141,87.9995,89.8046,84.6677,1
nails,0.958838,124.352946,145.0845,151.3128,143.1613,1
nails,0.952412,123.376413,158.8519,166.789,156.9134,1
nails,1.18347,134.957081,160.0521,135.2397,117.9217,1
nails,1.190091,136.54054,168.6326,141.6972,130.0497,1
nails,1.387102,140.750456,132.4036,95.4534,75.9879,1
nails,1.417073,153.74744,201.7261,142.354,163.4731,1
nails,1.958212,157.465783,128.6615,65.7036,89.9458,1
nails,1.882608,169.565572,208.0121,110.4915,139.8544,1
nails,1.33809,142.586329,190.8568,142.6337,111.9514,1
nails,2.052571,154.162691,121.5232,59.2054,49.8828,1
nails,1.185064,131.937904,163.6752,138.1151,95.3709,1
nails,1.258582,145.023564,200.4311,159.2516,168.7528,1
nails,1.167193,139.793971,200.6122,171.8758,178.9408,1
nails,1.315906,143.991516,170.6922,129.7146,128.0167,1
nails,1.358292,144.373333,151.5352,111.563,114.7411,1
nails,1.378262,148.636554,171.2475,124.2489,138.1854,1
nails,1.128406,133.202029,202.8503,179.7672,159.1858,1
nails,1.141323,134.397461,183.6521,160.9116,147.8696,1
nails,1.137482,133.808987,193.9073,170.4706,152.5904,1
nails,1.422273,150.562959,200.9815,141.31,137.078,1
nails,1.157898,133.785326,154.9902,133.8549,119.0456,1
nails,1.575496,148.097305,140.1614,88.9633,76.3629,1
nails,1.304538,142.867244,176.2092,135.074,125.753,1
nails,1.26697,142.458122,195.7515,154.5037,145.1064,1
nails,1.264875,138.31043,161.1363,127.3931,107.0166,1
nails,1.100008,133.948598,226.6534,206.0471,197.9297,1
nails,1.33191,137.861696,118.7201,89.1353,71.579,1
nails,1.130511,134.146852,173.7199,153.6649,145.2581,1
nails,1.355543,142.632006,142.4515,105.0881,101.4774,1
nails,1.108297,135.007081,214.3074,193.3664,190.7621,1
nails,1.166213,134.390703,162.3819,139.2386,116.2766,1
nails,1.081358,131.161159,179.4152,165.9166,153.943,1
nails,1.589223,152.639715,165.232,103.9703,101.9884,1
nails,1.857285,165.558201,191.4855,103.0997,126.265,1
nails,1.240232,143.222658,217.0948,175.0437,171.031,1
nails,1.307385,144.846809,220.0909,168.3443,148.1352,1
nails,1.891545,165.447251,201.1465,106.3398,111.8407,1
nails,1.582561,149.866825,161.3819,101.9751,83.5243,1
nails,1.336913,139.103143,146.3186,109.4452,80.1742,1
nails,1.763593,148.330946,115.1395,65.2869,52.473,1
nails,1.225841,136.067773,153.9655,125.5999,104.1664,1
nails,1.097949,133.079289,155.5519,141.6749,139.5871,1
nails,1.125494,133.5707,138.703,123.2374,118.8438,1
nails,1.098301,130.929646,150.3148,136.8612,123.2523,1
nails,1.145675,135.767778,180.4712,157.5239,152.089,1
nails,1.165169,133.5692,131.8704,113.1771,100.4876,1
nails,0.972037,128.703795,152.0187,156.3918,165.3103,1
nails,0.923544,129.159917,87.924,95.2028,109.9995,1
nails,0.863463,128.472783,65.6702,76.0544,92.0939,1
nails,1.112098,133.342398,118.5187,106.5722,108.6738,1
nails,1.041892,130.451783,188.2071,180.6398,178.6204,1
nails,1.055278,131.454477,163.9205,155.334,156.1068,1
nails,1.810321,159.651457,176.8217,97.6742,82.2276,1
nails,1.253387,140.896486,143.1202,114.1868,107.9057,1
nails,1.335017,144.617103,178.4872,133.6966,123.9205,1
nails,1.274976,138.897034,186.8113,146.5214,113.8378,1
nails,1.316093,142.408945,191.6149,145.5937,122.7965,1
nails,1.405715,149.794987,195.2527,138.8993,140.4996,1
nails,1.544664,152.603684,211.3087,136.7991,96.7904,1
nails,1.102043,128.091224,210.0224,190.5755,144.3498,1
nails,1.407662,142.504282,169.2954,120.2671,77.9494,1
nails,1.014854,125.804842,246.6916,243.081,222.4273,1
nails,1.140325,131.008758,218.7362,191.8191,142.5803,1
nails,1.302833,141.318576,205.3015,157.5809,120.6995,1
nails,1.17999,131.445928,202.454,171.5727,108.6957,1
nails,1.108883,129.444944,213.618,192.6425,151.6017,1
nails,1.205561,131.701553,183.765,152.431,83.2076,1
nails,1.400812,147.643651,143.0253,102.1017,114.2358,1
nails,1.230875,140.735182,152.7644,124.1104,129.7174,1
nails,1.307184,144.904002,155.5997,119.0342,129.263,1
nails,1.002785,130.276028,93.7678,93.5074,100.9402,1
nails,1.058511,132.87647,115.7852,109.385,118.506,1
nails,1.062999,133.423993,129.0728,121.4233,132.6334,1
nails,1.010093,130.507266,139.0425,137.6532,146.1492,1
nails,1.005416,130.867292,115.3448,114.7235,125.0109,1
nails,1.000181,130.315721,147.0497,147.023,157.0987,1
nails,1.38331,147.510363,187.8073,135.7666,127.5312,1
nails,1.107011,131.715601,186.6816,168.6357,149.4788,1
nails,1.268867,139.2154,158.0627,124.57,108.05,1
nails,1.085588,128.919824,119.6758,110.2405,91.8714,1
nails,1.089889,128.803697,126.5544,116.1168,94.4869,1
nails,1.062891,128.968452,171.4837,161.3371,143.8722,1
nails,1.260324,141.603393,172.243,136.6657,135.4782,1
nails,1.417746,149.344333,180.3632,127.2183,130.4445,1
nails,1.09695,134.631312,220.2337,200.7692,198.2701,1
nails,1.150524,140.289479,213.1304,185.2464,198.0532,1
nails,1.11399,137.046128,216.1399,194.0232,200.6421,1
nails,1.236344,141.987226,151.9571,122.9084,137.2784,1
nails,1.573085,152.231577,178.5146,113.4806,98.7526,1
nails,1.083573,130.737036,224.8923,207.547,183.5537,1
nails,1.444725,150.812068,198.5321,137.4186,128.9789,1
nails,1.105591,132.983323,129.1957,116.8566,118.4745,1
nails,1.182483,136.993661,128.2074,108.4221,115.03,1
nails,1.070025,132.728182,179.6751,167.9168,170.7412,1
nails,1.183313,133.846551,172.286,145.5963,116.3921,1
nails,1.263933,138.270834,149.7261,118.4604,104.0963,1
nails,1.602695,139.588861,81.1585,50.6387,33.4261,1
nails,1.128102,135.122546,197.2818,174.8793,168.8081,1
nails,1.313316,145.816713,199.2526,151.7171,150.7458,1
nails,1.281483,142.993758,193.4154,150.9308,144.0266,1
nails,1.875679,154.604168,129.8988,69.2543,75.2615,1
nails,1.62755,149.18161,141.9975,87.2462,74.0754,1
nails,1.502818,148.486637,141.8333,94.3782,100.9749,1
nails,1.362385,140.702489,142.1799,104.361,82.0469,1
nails,1.253195,141.179045,175.9673,140.415,136.68,1
nails,1.483105,145.250899,133.6149,90.0913,81.7218,1
nails,1.267283,144.247173,166.3169,131.2389,146.1793,1
nails,1.438154,148.629119,151.5209,105.3579,116.7032,1
nails,1.374306,148.905679,177.1823,128.9249,141.8697,1
nails,1.078924,122.660522,191.0992,177.1202,94.7028,1
nails,1.108727,129.293495,209.2073,188.6915,145.6638,1
nails,1.179724,134.501008,186.3534,157.9636,129.1813,1
nails,1.190183,129.123321,113.2569,95.1592,45.0755,1
nails,1.153647,132.843551,180.2547,156.2478,127.8578,1
nails,1.172656,129.211771,146.0922,124.5823,67.5461,1
nails,1.338181,144.512153,158.2869,118.2851,122.954,1
nails,1.502816,146.458993,120.8739,80.4316,89.5548,1
nails,1.217218,137.503637,156.4345,128.5181,120.4207,1
nails,1.215159,133.813213,141.8233,116.7117,87.3485,1
nails,1.178712,133.231851,185.7564,157.5927,120.5062,1
nails,1.193471,134.378316,167.8786,140.6641,112.7704,1
nails,1.084915,135.013387,220.69,203.4168,206.8308,1
nails,1.160284,140.327108,204.2531,176.0371,186.0398,1
nails,1.170582,138.645861,177.1301,151.3181,154.5049,1
nails,1.286774,142.905631,189.4502,147.2288,136.0706,1
nails,1.212052,139.991742,191.6086,158.0862,153.4403,1
nails,1.167826,136.87305,204.3238,174.9607,158.4882,1
nails,1.60027,147.925808,146.9754,91.8441,69.5919,1
nails,1.449178,143.822003,142.2876,98.1851,82.4229,1
nails,1.222419,135.945452,147.9976,121.0695,103.7429,1
nails,1.249366,143.587345,220.8744,176.7892,169.3348,1
nails,1.300327,146.061064,226.8563,174.4609,164.0122,1
nails,1.260008,142.200868,221.9726,176.1676,155.386,1
nails,1.047379,130.719682,188.6052,180.0734,177.5667,1
nails,1.04507,130.079208,168.7795,161.5007,157.7566,1
nails,1.068967,131.470783,156.1323,146.059,143.2516,1
nails,1.20913,136.380155,213.2744,176.3866,134.7226,1
nails,1.448096,144.739649,170.0055,117.3993,76.2887,1
nails,1.157107,132.393655,215.5184,186.2562,139.2199,1
nails,1.090403,125.785391,130.1669,119.375,71.1305,1
nails,0.939047,116.203626,142.1939,151.4236,94.4143,1
nails,1.095772,126.069709,119.5607,109.1109,61.7599,1
nails,1.345596,151.031064,216.0268,160.5435,175.2154,1
nails,1.221284,143.495492,208.858,171.0151,181.0935,1
nails,1.696253,155.957436,166.0094,97.8683,99.9218,1
nails,1.436404,145.938904,156.5932,109.0175,98.2017,1
nails,1.488057,148.456251,164.7533,110.7171,100.1807,1
nails,1.443691,145.742133,168.7704,116.902,90.5862,1
nails,1.498324,142.366026,144.1295,96.1938,38.0347,1
nails,1.312038,141.347672,191.4322,145.9044,116.5122,1
nails,1.587544,150.012726,178.951,112.722,67.0016,1
nails,1.089985,133.772262,208.054,190.8778,188.7196,1
nails,1.331038,141.873679,134.7366,101.2267,100.5327,1
nails,1.080689,132.248657,196.1927,181.5442,175.4878,1
nails,2.152829,166.533911,187.616,87.1486,69.7709,1
nails,2.966032,174.679812,191.8417,64.6796,44.999,1
nails,1.287847,137.954517,199.7763,155.1242,93.3298,1
nails,1.046202,131.951839,166.3828,159.035,164.7697,1
nails,1.126826,135.207271,84.015,74.559,86.6258,1
nails,1.047422,131.943904,150.417,143.6069,150.1075,1
nails,1.236773,144.515395,148.5049,120.0745,141.6887,1
nails,1.05691,137.24498,156.7638,148.3227,166.5973,1
nails,1.190508,141.553668,155.273,130.4259,146.7223,1
nails,1.376531,142.015435,145.3611,105.5996,92.3358,1
nails,1.565711,145.764165,135.6321,86.6265,68.3118,1
nails,1.662571,145.972549,116.4192,70.0236,61.1808,1
nails,1.249617,141.726214,210.7553,168.6559,154.6346,1
nails,1.20817,141.1784,226.3764,187.3713,179.6683,1
nails,2.122374,165.318414,186.6464,87.9423,64.0845,1
nails,1.346074,145.195513,171.1404,127.1404,127.5725,1
nails,1.89171,149.643732,103.004,54.4502,53.6638,1
nails,1.657737,149.543249,128.7767,77.6822,75.8504,1
nails,1.236478,139.686957,196.449,158.8778,141.8691,1
nails,1.408576,150.330866,220.3631,156.4439,138.5242,1
nails,1.41538,144.014709,179.1584,126.5797,80.298,1
nails,1.073105,128.069289,178.7023,166.5283,139.6649,1
nails,1.074177,130.385832,182.9104,170.2796,157.3416,1
nails,1.151776,134.63757,178.1926,154.7111,141.8152,1
nails,1.116821,132.843696,182.2794,163.2127,150.2246,1
nails,1.26704,133.077918,100.7414,79.5092,52.651,1
nails,1.13136,132.728214,179.2191,158.4103,139.3199,1
nails,1.78346,147.474186,110.9957,62.2362,46.3544,1
nails,1.542853,153.925114,191.9355,124.403,120.0664,1
nails,1.958101,146.642877,92.7708,47.378,29.6139,1
nails,1.3287,140.001516,142.625,107.3417,89.6902,1
nails,1.31237,139.694231,146.5156,111.642,94.8432,1
nails,1.129106,136.046854,219.0103,193.9679,188.2419,1
nails,1.309944,140.441074,160.6257,122.6203,103.1717,1
nails,1.238873,141.425542,197.5041,159.4224,151.9473,1
nails,1.056724,128.743827,202.3933,191.529,171.9544,1
nails,1.211033,137.555894,161.7266,133.5444,124.4606,1
nails,1.236921,138.928001,171.4751,138.6306,126.816,1
nails,1.22963,137.350994,178.278,144.9851,120.8178,1
nails,1.296657,143.007532,189.6917,146.2929,134.4156,1
nails,1.645427,155.008161,183.8737,111.7483,96.9267,1
nails,1.220399,141.764488,232.0305,190.1268,177.0717,1
nails,1.151727,134.473541,169.2223,146.9291,134.189,1
nails,1.168215,134.608426,134.6033,115.2214,107.5465,1
nails,1.118382,133.37122,168.6135,150.7656,140.893,1
nails,1.266632,137.279899,108.1832,85.4101,82.1735,1
nails,1.438702,141.774213,99.3985,69.089,73.4988,1
nails,1.153072,135.329366,141.6757,122.868,121.7703,1
nails,1.223627,140.458847,171.9793,140.5488,142.959,1
nails,1.155677,135.879583,173.6015,150.2163,144.8476,1
nails,1.253867,139.893211,176.8116,141.013,128.5876,1
nails,0.9229,126.553394,164.1413,177.8538,179.4758,1
nails,0.957694,127.665892,164.4825,171.7484,171.1681,1
nails,1.001327,129.100063,164.0875,163.8701,163.3665,1
nails,1.260737,142.183739,180.8126,143.4183,144.0071,1
nails,1.340316,148.106289,197.5975,147.426,155.4316,1
nails,1.459878,143.158336,123.9491,84.9038,77.4704,1
nails,1.282045,138.360172,178.9772,139.6029,103.7986,1
nails,1.051636,129.4248,239.2054,227.4603,211.4427,1
nails,1.243277,136.805955,196.1915,157.802,116.0702,1
nails,1.256835,140.626603,197.4019,157.0627,139.8192,1
nails,1.35228,145.228012,195.4485,144.5326,128.0983,1
nails,1.383323,150.259012,211.8099,153.1168,153.9868,1
nails,1.381807,147.582152,203.007,146.9142,134.2193,1
nails,1.968297,156.454831,146.997,74.6823,56.5054,1
nails,2.037476,165.929404,192.8627,94.6577,83.7306,1
nails,1.411799,141.460767,149.0813,105.5967,71.2886,1
nails,1.946199,153.191481,129.8604,66.7251,47.1703,1
nails,1.228808,139.242319,207.4912,168.8556,147.6942,1
nails,1.085246,131.623522,194.0154,178.7755,167.3695,1
nails,1.837521,159.309866,171.3552,93.2534,91.7144,1
nails,1.491937,151.665038,180.0683,120.6943,121.7764,1
nails,1.16923,137.50846,220.7161,188.7705,175.7748,1
nails,1.474422,147.664425,171.8732,116.5699,99.6556,1
nails,1.253028,141.675215,203.7117,162.5755,151.6681,1
nails,1.043378,129.488444,154.4271,148.0069,142.5206,1
nails,1.059771,130.441912,161.017,151.9357,146.1759,1
nails,1.075381,129.90834,118.5634,110.2525,101.9372,1
nails,1.014682,127.999677,178.2606,175.6813,170.2979,1
nails,1.020715,128.006322,136.0133,133.253,127.3933,1
nails,1.039987,129.913388,189.2236,181.948,177.7122,1
nails,1.025237,128.878937,170.4069,166.2122,162.0843,1
nails,1.013874,128.278028,171.1262,168.7846,165.3753,1
nails,1.012484,128.298156,164.4314,162.4039,159.745,1
nails,1.275998,137.665263,158.1422,123.9361,95.3773,1
nails,1.124066,133.303431,192.63,171.3689,155.7203,1
nails,1.107894,132.870067,201.646,182.0083,168.2246,1
nails,1.242932,136.200352,154.2801,124.1259,98.0057,1
nails,1.871147,151.191658,127.0692,67.9098,44.0717,1
nails,1.276676,140.997823,187.8509,147.1407,129.439,1
nails,1.537657,140.886744,104.416,67.9059,43.4891,1
nails,1.096956,131.719375,187.8029,171.2038,157.4458,1
nails,1.263945,135.140965,136.3708,107.8929,77.2405,1
nails,2.610392,164.249641,139.7047,53.5187,50.8773,1
nails,1.730632,151.163449,141.306,81.65,63.9847,1
nails,1.833528,165.341817,210.7506,114.9427,114.0749,1
nails,1.430642,149.615797,188.8125,131.9774,127.7285,1
nails,1.132057,134.343269,217.0865,191.7628,174.4329,1
nails,1.360619,140.850164,171.1268,125.7713,85.115,1
nails,1.592499,152.841777,182.991,114.9081,92.0626,1
nails,1.212021,137.359655,192.7169,159.0046,136.3423,1
nails,2.134551,161.973,165.8464,77.6961,43.7975,1
nails,1.229103,141.816067,194.8453,158.5265,155.3804,1
nails,1.132927,133.584265,175.1328,154.5844,134.1896,1
nails,1.345806,142.592587,139.4659,103.63,98.0971,1
nails,1.257172,141.43238,186.6424,148.4621,140.5321,1
nails,1.480684,149.702956,175.3195,118.4044,106.5817,1
nails,1.604527,153.444799,157.4979,98.1585,107.6986,1
nails,1.69114,148.450638,122.1312,72.2182,65.3803,1
nails,1.268333,137.762052,154.7555,122.0149,99.013,1
nails,1.311557,139.399655,174.86,133.3225,93.0948,1
nails,1.547055,155.489057,208.4974,134.7705,123.8269,1
nails,1.467902,153.796761,217.1135,147.9073,141.6241,1
nails,1.161684,134.628796,221.0814,190.3111,154.628,1
nails,1.403644,143.919421,165.1051,117.626,80.7006,1
nails,1.300644,142.15053,200.7713,154.363,120.8277,1
nails,1.346428,142.528362,186.0005,138.1437,92.8279,1
nails,3.254844,177.031629,190.2778,58.4599,46.0825,1
nails,1.937363,166.298979,212.1721,109.5159,97.4146,1
nails,4.21469,181.94092,197.9739,46.9723,42.1962,1
nails,1.220015,136.817003,184.1552,150.945,117.5598,1
nails,2.90401,177.315205,206.788,71.2078,64.2962,1
nails,1.85874,163.54533,210.3033,113.1429,82.4674,1
nails,2.12645,163.989016,186.8036,87.8476,46.2354,1
nails,1.603782,156.787197,197.8239,123.3483,116.8418,1
nails,2.927352,173.649957,182.5761,62.369,52.4525,1
nails,1.564939,151.673667,194.5419,124.3128,85.6747,1
nails,1.272267,140.506121,197.6969,155.3894,129.7934,1
nails,1.48751,150.685908,190.6882,128.1929,113.2432,1
nails,1.90998,155.913953,138.2686,72.3927,78.751,1
nails,1.449663,142.501831,132.0726,91.1057,72.4669,1
nails,1.323849,138.976017,136.8694,103.3874,86.1882,1
nails,1.401387,144.832083,145.6215,103.9124,104.676,1
nails,1.632725,146.196787,112.1764,68.705,64.5744,1
nails,1.908139,147.195045,87.0401,45.6152,49.9498,1
nails,1.41129,150.640377,215.0416,152.3723,137.8835,1
nails,1.280118,140.481234,185.7986,145.1418,120.2324,1
nails,1.157754,137.583587,218.2055,188.4731,180.1657,1
nails,0.992295,123.526104,168.916,170.2277,143.3421,1
nails,1.058776,128.96992,167.6021,158.298,137.6035,1
nails,1.290159,140.425251,166.1307,128.7676,114.3456,1
nails,1.749956,158.676779,168.4765,96.2747,108.1933,1
nails,2.07359,161.424461,152.3365,73.4651,79.8876,1
nails,1.721643,157.192707,188.9636,109.7577,91.9181,1
nails,1.90861,157.122563,165.7995,86.8692,54.8373,1
nails,1.960601,159.234883,162.8452,83.0588,69.8129,1
nails,1.164759,137.533088,202.9728,174.2617,168.0141,1
nails,1.364195,141.065192,142.2486,104.2729,86.2685,1
nails,1.366261,141.794245,158.1721,115.77,90.5784,1
nails,1.507403,151.947211,164.0908,108.8566,119.5269,1
nails,1.213915,141.172997,182.3313,150.201,154.9863,1
nails,1.208723,138.797439,179.7506,148.7111,140.0535,1
nails,1.16156,140.625119,233.911,201.3767,205.5368,1
nails,2.117826,174.094128,217.201,102.5585,119.1468,1
nails,1.398908,151.84018,214.9961,153.6886,158.1294,1
nails,1.154653,133.982807,197.2848,170.8607,146.4236,1
nails,1.796453,158.168917,176.9704,98.511,93.91,1
nails,1.288436,137.860325,159.2736,123.6178,93.1104,1
nails,1.127824,131.723827,128.2557,113.7195,97.1389,1
nails,1.227038,136.26935,109.5288,89.2628,82.9734,1
nails,1.090635,132.113676,197.7522,181.3184,168.6511,1
nails,1.311384,141.459976,119.9472,91.4661,104.0243,1
nails,1.131299,136.881744,161.3917,142.6604,154.1495,1
nails,1.271826,142.810164,145.2506,114.2064,129.2671,1
nails,1.217006,139.507427,201.7181,165.7494,153.529,1
nails,1.554643,148.861228,150.6588,96.9089,86.722,1
nails,1.148234,135.208545,180.4606,157.1636,148.2355,1
nails,1.204186,135.927308,155.3012,128.9678,114.3526,1
nails,1.190492,136.706569,184.6194,155.0782,139.36,1
nails,1.085201,129.31835,186.9968,172.3153,147.2146,1
nails,1.132628,133.062693,172.7466,152.5184,135.7888,1
nails,1.050143,126.701537,176.5315,168.1023,140.1786,1
nails,1.162804,134.815729,177.0041,152.2218,134.3858,1
nails,2.021386,155.366075,134.0357,66.3088,48.0133,1
nails,1.290843,140.998339,177.6161,137.597,120.3202,1
nails,1.839728,159.598329,184.974,100.5442,75.825,1
nails,1.378078,147.231738,182.7906,132.6417,131.0594,1
nails,1.320907,138.177804,136.5115,103.3468,78.1725,1
nails,1.25938,140.754746,175.9954,139.7476,132.092,1
nails,1.55224,157.277254,197.8577,127.4659,143.3502,1
nails,1.690049,150.038661,137.1733,81.1652,71.1062,1
nails,1.500435,147.594345,146.7564,97.8092,94.1621,1
nails,1.006045,123.026983,152.3488,151.4333,117.263,1
nails,0.987254,121.979468,132.4799,134.1903,100.1111,1
nails,1.058778,124.551588,165.7104,156.511,108.4818,1
nails,1.149816,131.710989,83.2828,72.4315,65.177,1
nails,1.104324,133.097321,140.8296,127.5256,125.6027,1
nails,1.060234,130.898679,177.8723,167.767,162.493,1
nails,1.136245,136.455589,219.3186,193.0205,186.5628,1
nails,1.398496,146.918953,182.8834,130.7714,118.3088,1
nails,1.098597,133.21548,209.428,190.6322,181.2077,1
nails,1.070594,130.580765,163.2345,152.4709,142.2161,1
nails,1.134771,134.007758,136.6836,120.4504,116.627,1
nails,1.072874,131.218432,172.4687,160.7539,153.0772,1
nails,1.232003,144.578523,189.5003,153.8149,172.6706,1
nails,1.169667,140.957226,215.0231,183.8327,193.4772,1
nails,1.618152,161.303318,206.1689,127.4101,146.5332,1
nails,1.443818,151.342559,202.1148,139.9864,135.8904,1
nails,1.533766,157.058047,218.7932,142.6509,141.9823,1
nails,3.084158,159.108434,104.0643,33.7416,34.3299,1
nails,1.7404,145.313737,100.6784,57.8478,50.8486,1
nails,1.20973,133.141094,121.9994,100.8485,78.4346,1
nails,1.441416,145.77073,150.754,104.5874,100.9247,1
nails,1.329726,142.956017,156.2853,117.5319,116.7433,1
nails,1.302489,141.83147,173.0616,132.8699,122.3637,1
nails,1.1709,137.268528,199.2618,170.1783,162.0209,1
nails,1.240816,141.645732,195.1421,157.2692,151.9396,1
nails,1.088081,133.31185,223.7702,205.6559,198.5372,1
nails,1.211489,139.532362,188.5093,155.6013,149.5065,1
nails,1.206562,138.625974,163.4395,135.4588,134.4214,1
nails,1.145594,137.204674,160.8996,140.4508,142.9027,1
nails,1.132506,134.52554,161.0579,142.2138,134.0348,1
nails,0.964735,133.328833,124.1299,128.6673,129.0516,1
nails,0.971354,132.620361,131.593,135.4737,136.2038,1
nails,0.97716,131.699795,129.5492,132.5773,130.0843,1
nails,1.514755,151.494379,184.1056,121.5415,116.6872,1
nails,1.941709,157.55841,149.6249,77.0583,80.7116,1
nails,1.780096,154.767504,141.2117,79.3281,88.1772,1
nails,1.841434,164.635796,199.8513,108.5303,114.2659,1
nails,1.399371,147.292737,199.4779,142.5483,122.4846,1
nails,1.817329,165.537395,224.7746,123.684,106.4016,1
nails,1.224268,141.331043,220.6549,180.2342,171.3853,1
nails,1.458493,146.721117,186.7498,128.043,91.1362,1
nails,1.457452,153.747794,224.3867,153.9582,147.3923,1
nails,1.338084,136.430945,75.3609,56.32,54.4824,1
nails,1.173768,137.137336,159.492,135.8803,133.5281,1
nails,1.161884,136.945614,165.2308,142.2094,141.0789,1
nails,1.081576,131.157756,235.5461,217.7804,198.6775,1
nails,1.413264,150.889808,211.6787,149.78,144.7767,1
nails,1.520802,150.174513,169.051,111.1592,102.3619,1
nails,1.133799,135.604071,204.8521,180.6776,173.8361,1
nails,1.121601,133.161368,201.1975,179.3841,162.1354,1
nails,2.543938,153.845261,96.994,38.1275,32.2329,1
nails,2.031683,166.510395,191.0392,94.03,90.1387,1
nails,1.298342,139.943307,205.7521,158.473,112.6102,1
nails,1.472003,148.502879,184.4818,125.327,103.7017,1
nails,1.482388,148.84039,185.7288,125.2903,102.299,1
nails,1.507982,153.457089,202.185,134.0766,127.1882,1
nails,1.704893,149.976758,153.1284,89.817,39.0943,1
nails,1.513655,150.117676,164.5007,108.6777,104.1964,1
nails,1.238964,138.980968,212.1437,171.2267,139.1197,1
nails,1.48403,151.680747,188.9668,127.3336,122.3232,1
nails,1.633433,149.631409,137.0614,83.91,77.2559,1
nails,1.528363,146.245641,150.0087,98.1499,70.6277,1
nails,1.556745,149.869276,151.9913,97.634,93.1667,1
nails,1.275367,140.68315,200.3546,157.0956,125.5571,1
nails,1.294575,142.213738,184.657,142.6391,124.272,1
nails,1.316972,141.603539,183.7814,139.5485,102.9031,1
nails,1.29132,141.407235,182.6627,141.4543,115.7687,1
nails,1.16214,136.30956,196.2939,168.9072,153.8758,1
nails,1.445815,149.923614,188.0325,130.053,118.7799,1
nails,1.320809,141.196319,175.0771,132.5529,96.5084,1
nails,1.503636,153.589603,197.6493,131.4475,126.5202,1
nails,1.105196,132.445025,206.131,186.5109,168.5365,1
nails,1.145908,134.243673,157.6607,137.5859,124.7752,1
nails,1.171622,136.739053,161.8831,138.17,133.5266,1
nails,1.288196,140.171884,143.6491,111.5118,104.7507,1
nails,1.263591,141.526395,163.5519,129.4342,129.1362,1
nails,1.264913,139.122643,143.6305,113.5497,106.0436,1
nails,1.16977,137.559088,174.4399,149.1232,147.4631,1
nails,1.757771,150.623103,132.1415,75.1756,61.0719,1
nails,1.700805,158.433477,196.1674,115.3379,102.3981,1
nails,1.28557,139.679102,180.6498,140.5212,113.1478,1
nails,1.409631,150.636957,213.044,151.1346,145.5833,1
nails,1.825535,155.539217,168.5274,92.3167,47.5708,1
nails,1.76169,160.439041,210.024,119.2173,87.9166,1
nails,1.19392,136.953291,163.7451,137.1492,129.0954,1
nails,1.227788,140.322317,178.7053,145.5506,143.7377,1
nails,1.128049,132.35693,161.4139,143.0913,126.7102,1
nails,1.13978,135.396655,169.268,148.5093,146.2561,1
nails,1.411167,137.646651,73.1251,51.8189,51.3944,1
nails,1.102443,133.403187,204.9288,185.8861,177.4418,1
nails,1.577622,152.337301,197.5223,125.2026,82.5523,1
nails,1.442476,151.738907,227.3706,157.6252,133.9338,1
nails,1.413311,151.391316,228.3277,161.5552,146.5726,1
nails,1.241838,141.114837,216.9276,174.6826,155.2251,1
nails,1.179906,138.305495,218.1846,184.9168,173.0869,1
nails,1.281754,145.602135,220.265,171.8466,167.055,1
nails,1.23115,138.334914,187.0817,151.9569,130.0505,1
nails,1.613043,158.865905,205.4345,127.3583,130.2653,1
nails,1.52828,155.398848,205.2609,134.3084,132.3582,1
nails,1.53105,153.294947,202.837,132.4822,114.8535,1
nails,1.211014,142.644732,222.872,184.0375,187.2257,1
nails,1.188387,141.868212,230.417,193.8905,196.4538,1
nails,1.223036,137.86318,217.1636,177.5611,143.702,1
nails,1.33425,147.280802,228.6075,171.3378,154.8963,1
nails,1.647473,155.625183,182.0875,110.5253,101.8298,1
nails,1.13709,131.125579,153.8168,135.2723,109.3166,1
nails,1.092264,132.066128,178.5202,163.4405,154.7357,1
nails,1.235209,137.601587,174.2429,141.0636,119.0993,1
nails,1.279969,143.119014,182.4552,142.5465,138.1975,1
nails,1.441326,145.31393,134.5368,93.3423,91.7757,1
nails,1.342181,145.471202,168.8303,125.788,125.7879,1
nails,1.107052,135.159868,190.0526,171.6745,174.1546,1
nails,1.152083,136.753036,178.7776,155.1777,154.5926,1
nails,1.180686,139.183739,182.1098,154.2406,158.2811,1
nails,1.214404,139.795697,119.7609,98.617,114.1174,1
nails,1.249139,139.836003,115.0227,92.0816,103.4414,1
nails,1.331398,143.980968,126.2434,94.8202,109.4668,1
nails,1.109299,132.813245,212.7763,191.8116,175.405,1
nails,1.52035,151.674005,175.7643,115.6078,114.4287,1
nails,1.127856,134.90205,221.0976,196.0336,183.5956,1
nails,1.839487,152.975823,135.8358,73.8444,69.9657,1
nails,1.28217,145.34814,172.9758,134.9086,143.1072,1
nails,1.33568,142.719279,146.6237,109.7746,111.5383,1
nails,1.316537,139.635393,143.1874,108.7606,93.5375,1
nails,1.312652,135.633554,102.0987,77.7805,57.9082,1
nails,1.181923,137.443509,180.9943,153.1354,147.2483,1
nails,1.628423,160.886357,195.8531,120.2716,145.3581,1
nails,1.159409,138.122256,211.1668,182.1331,178.3662,1
nails,1.205859,143.32743,217.8443,180.6548,190.5922,1
nails,1.138364,133.54612,174.8682,153.6136,137.5407,1
nails,1.133793,135.594039,186.1872,164.2163,160.6101,1
nails,1.223648,139.435025,158.549,129.5707,130.4221,1
nails,1.305989,144.463847,182.0412,139.3895,139.8724,1
nails,1.369969,142.506605,149.9273,109.4385,96.7476,1
nails,1.139355,135.179449,188.173,165.1574,157.2174,1
nails,1.240875,141.185465,196.8237,158.6169,149.4433,1
nails,2.035632,166.2069,183.205,89.9991,102.1956,1
nails,1.932142,156.843051,149.8846,77.5743,61.7462,1
nails,0.99193,127.330898,136.4287,137.5386,134.6068,1
nails,0.982362,127.273302,117.3188,119.4252,118.2169,1
nails,0.997346,127.750665,172.3614,172.8201,171.2056,1
nails,2.015748,164.177304,185.0479,91.8011,92.8397,1
nails,1.707545,148.087257,127.8697,74.8851,54.0876,1
nails,1.33402,140.935146,160.613,120.3977,93.9094,1
nails,1.523519,158.013371,211.9875,139.1434,155.2404,1
nails,1.46662,154.688553,198.9155,135.6285,151.6902,1
nails,1.51584,155.191674,194.7521,128.478,138.2214,1
nails,1.121993,131.260044,217.4716,193.8261,158.0239,1
nails,1.47244,148.107869,175.3688,119.1008,100.6888,1
nails,1.158498,134.43109,211.9196,182.9262,154.1381,1
nails,1.20149,132.703843,153.7934,128.0023,89.1424,1
nails,1.236142,139.056306,170.4209,137.8651,128.2614,1
nails,1.122347,128.942065,161.7513,144.1189,105.381,1
nails,1.190656,135.380494,182.0655,152.912,128.7236,1
nails,1.285502,136.944888,140.4603,109.265,82.9419,1
nails,1.227878,135.048402,135.3083,110.1969,89.6563,1
nails,1.336398,138.959291,132.2883,98.9887,75.2861,1
nails,1.435686,142.215642,121.4118,84.5671,68.3961,1
nails,1.364096,140.833696,151.9788,111.4136,74.9371,1
nails,1.997792,160.583087,166.5139,83.349,70.1015,1
nails,1.432362,147.89655,173.9063,121.4123,115.4786,1
nails,1.379027,149.17961,197.9777,143.5633,146.5901,1
nails,1.555364,156.125869,202.1109,129.9444,131.185,1
nails,1.284573,142.212884,176.8684,137.6866,131.1229,1
nails,1.316227,140.17632,172.4489,131.0176,99.576,1
nails,1.544644,154.779004,188.1513,121.8088,127.3842,1
nails,1.680647,152.779633,165.8461,98.6799,73.283,1
nails,1.651251,155.342107,170.3058,103.1374,104.6139,1
nails,1.334165,144.116579,176.1476,132.0283,124.9528,1
nails,1.996268,159.242141,146.1053,73.1892,79.4879,1
nails,1.563069,154.441574,177.336,113.4537,121.3652,1
nails,1.468357,151.381042,208.2519,141.8265,124.9831,1
nails,1.267177,138.902614,167.968,132.5529,112.9972,1
nails,1.47554,147.549298,168.1495,113.9579,97.9744,1
nails,1.440139,147.183916,160.1767,111.223,108.918,1
nails,1.106792,136.029306,225.6102,203.8416,204.9443,1
nails,1.300917,142.137853,181.9175,139.8379,125.76,1
nails,2.400912,161.238867,128.2694,53.4253,68.6403,1
nails,1.573258,155.639215,173.6833,110.3972,130.6892,1
nails,1.809496,153.762326,142.3951,78.6932,73.9976,1
nails,1.616053,154.556991,158.0158,97.7788,111.1726,1
nails,1.546902,149.026596,138.5603,89.5728,92.3062,1
nails,1.849208,165.103047,194.936,105.416,119.7784,1
nails,1.488209,151.070789,172.2236,115.7254,116.9512,1
nails,1.194147,141.293769,207.7205,173.9489,178.7766,1
nails,1.343157,148.639328,186.851,139.1132,152.6789,1
nails,1.156395,138.663473,225.6125,195.0999,193.0129,1
nails,1.233948,142.59491,182.2362,147.6854,156.0078,1
nails,2.166845,164.919727,162.8568,75.1585,83.7977,1
nails,1.318575,140.464267,126.9419,96.272,91.8845,1
nails,1.24634,135.737666,118.0374,94.7072,77.3132,1
nails,1.301591,141.706247,145.4093,111.7166,110.5775,1
nails,1.224712,138.269625,133.5507,109.0466,106.9754,1
nails,1.088413,131.50854,172.1898,158.2026,145.4582,1
nails,1.087956,131.266592,161.9425,148.8502,135.506,1
nails,1.340015,145.111289,176.6453,131.8235,126.5618,1
nails,1.344424,140.54854,136.7237,101.6968,84.9632,1
nails,1.157152,136.570717,199.2796,172.2155,162.105,1
nails,1.106232,133.23769,200.174,180.9512,169.5677,1
nails,1.048334,129.219109,219.5889,209.4646,195.2513,1
nails,1.263123,142.865551,201.6926,159.6777,151.0257,1
nails,1.200462,138.880599,200.4698,166.9939,155.7275,1
nails,1.654114,152.569475,178.1878,107.724,70.5456,1
nails,1.701665,157.60399,183.5799,107.8826,103.47,1
nails,1.180385,138.410155,193.3895,163.8359,159.4644,1
nails,1.264876,143.347817,181.5052,143.4964,147.5102,1
nails,1.333747,146.087337,169.2855,126.9248,135.0299,1
nails,1.376809,147.237932,202.4335,147.0309,130.2268,1
nails,1.41875,144.448477,167.4998,118.0615,91.1726,1
nails,1.888544,153.3718,135.3904,71.6904,61.9169,1
nails,1.523972,152.804858,185.7821,121.9065,121.6539,1
nails,1.45816,148.109724,186.273,127.7452,103.995,1
nails,2.576721,172.589555,184.667,71.6674,72.7792,1
nails,1.145314,136.105143,206.2144,180.0506,171.1777,1
nails,1.664696,145.797761,112.2425,67.4252,49.7388,1
nails,1.368712,139.781165,138.0217,100.8406,72.4763,1
nails,1.284107,142.991371,190.3637,148.246,140.8309,1
nails,1.392571,147.042096,172.1057,123.5885,121.9606,1
nails,1.354285,146.776375,198.6162,146.6577,138.2253,1
nails,1.233121,141.812326,172.1439,139.6002,146.7322,1
nails,1.273521,140.723263,160.676,126.1668,119.3929,1
nails,1.394974,148.547523,171.2948,122.7942,131.7175,1
nails,1.076526,132.33322,78.1662,72.6097,79.9046,1
nails,1.031802,130.303511,153.9149,149.171,151.5791,1
nails,1.053954,131.383897,174.1816,165.2649,165.2158,1
nails,1.278113,142.303366,200.0129,156.4908,142.8572,1
nails,1.473624,151.341269,198.9265,134.9913,124.4873,1
nails,1.305082,142.881212,211.6667,162.1865,135.8665,1
nails,1.317578,139.892921,175.9984,133.5772,99.3019,1
nails,1.301373,143.595684,209.2707,160.8076,143.1759,1
nails,1.146432,133.892792,192.9024,168.2634,148.5116,1
nails,2.104201,172.1694,215.9348,102.6208,102.3107,1
nails,1.495801,149.837261,206.1037,137.7882,96.5044,1
nails,1.326448,147.005452,228.749,172.4523,159.5169,1
nails,1.099558,135.240303,225.9,205.4462,205.5827,1
nails,1.27737,143.642006,178.9733,140.1108,144.2216,1
nails,1.104951,135.505605,231.4333,209.4512,207.9369,1
nails,1.479709,144.637086,164.9514,111.4756,65.4708,1
nails,1.226329,136.892211,206.5526,168.4316,129.9434,1
nails,1.631261,155.491008,186.1005,114.0839,104.5915,1
nails,1.286872,143.097515,185.2897,143.9845,139.3151,1
nails,1.258514,141.581313,194.114,154.2407,143.2403,1
nails,1.406643,149.460912,208.3819,148.1412,136.7699,1
nails,1.094088,132.028483,215.5808,197.0416,181.409,1
nails,1.394047,146.30806,179.2072,128.5517,117.1629,1
nails,1.953072,155.49246,137.6441,70.4757,59.1294,1
nails,1.142276,136.477541,210.1766,183.9982,177.8094,1
nails,1.374674,143.182642,152.7843,111.1422,98.8816,1
nails,1.81511,153.45296,140.2338,77.2591,67.8454,1
nails,1.299053,145.825551,215.253,165.6999,160.1648,1
nails,1.715684,153.904711,160.239,93.3966,80.1126,1
nails,1.791817,154.503314,159.9138,89.2467,62.6697,1
nails,2.272027,166.968839,175.5306,77.2573,64.7733,1
nails,1.20523,137.886534,229.05,190.0466,157.1014,1
nails,1.249827,141.662747,228.2135,182.5961,159.2756,1
nails,1.98151,167.119708,200.7627,101.318,97.921,1
nails,1.792075,165.347285,213.4309,119.0971,124.3393,1
nails,1.391783,146.844438,169.1831,121.5585,117.825,1
nails,1.252354,140.101547,184.1532,147.0457,127.7186,1
nails,1.15244,134.539427,183.0412,158.8292,140.3037,1
nails,1.218811,140.458735,209.2219,171.6607,163.7705,1
nails,1.633397,160.745891,218.9165,134.0253,135.9754,1
nails,1.601073,156.015274,191.1194,119.3696,118.5219,1
nails,1.172234,140.547701,228.1954,194.6671,196.723,1
nails,1.147329,136.869809,221.1892,192.7862,183.4079,1
nails,1.298527,141.303592,178.3273,137.3305,117.8217,1
nails,1.092248,132.623861,154.6315,141.5718,137.7504,1
nails,1.137296,135.439848,167.2753,147.0816,144.0536,1
nails,1.123212,133.000355,159.6767,142.1608,129.1588,1
nails,1.280664,141.277528,156.7532,122.4,121.3259,1
nails,1.224821,138.565507,169.4541,138.35,129.1677,1
nails,1.620518,149.817326,144.9583,89.4518,82.3999,1
nails,1.11734,134.579571,135.9013,121.6293,125.0033,1
nails,1.12545,135.056031,147.6795,131.2182,133.0548,1
nails,1.107024,133.116853,117.6155,106.2448,107.7679,1
nails,2.15556,151.818664,89.5187,41.5292,58.0517,1
nails,1.555375,153.602119,181.1315,116.4552,115.8316,1
nails,1.637566,151.377365,147.4183,90.0228,85.8926,1
nails,1.054125,131.978178,170.1526,161.4161,164.058,1
nails,1.047568,130.713795,142.5568,136.0836,136.1972,1
nails,1.029986,129.570088,157.6396,153.0502,151.5551,1
nails,1.540417,148.901308,147.5122,95.7612,95.2038,1
nails,1.423488,149.67265,182.7737,128.3985,131.6537,1
nails,1.42961,146.880502,163.6561,114.476,110.0147,1
nails,1.169348,139.073821,184.6969,157.9486,159.6286,1
nails,1.28444,143.26606,185.9152,144.7442,135.9617,1
nails,1.275229,143.210674,147.9195,115.9944,120.6787,1
nails,1.36945,149.611087,195.8326,143.0009,136.3464,1
nails,1.23691,141.501218,167.4703,135.3941,131.3163,1
nails,1.228006,140.417203,179.7414,146.3685,136.0868,1
nails,1.584314,151.185045,151.0439,95.3371,96.9681,1
nails,1.300835,145.086192,211.0204,162.2191,153.818,1
nails,1.133888,135.873712,193.9756,171.0713,168.287,1
nails,1.608241,151.893437,154.3521,95.9758,94.0719,1
nails,1.284124,146.029806,187.6564,146.1358,160.1993,1
nails,1.566728,154.598232,176.9746,112.9581,118.5676,1
nails,1.188461,137.022709,186.6163,157.0234,142.6247,1
nails,1.224208,140.740085,191.9532,156.7979,152.2758,1
nails,1.228769,140.881454,194.4327,158.2338,151.7985,1
nails,1.266147,136.314011,156.0343,123.2355,86.3694,1
nails,1.523726,149.069515,166.8025,109.4701,93.6508,1
nails,1.338597,146.091853,197.2355,147.345,140.0955,1
nails,1.421632,149.571846,181.4694,127.6486,128.873,1
nails,1.455371,148.301753,154.5958,106.2244,110.6146,1
nails,1.241419,142.239496,188.9134,152.1754,152.1966,1
nails,1.468687,146.84847,169.4019,115.3424,92.7537,1
nails,1.464766,144.146433,137.1392,93.6254,79.4507,1
nails,1.58572,148.735133,143.8564,90.7199,85.3074,1
nails,1.410011,145.409074,141.7207,100.5103,104.0273,1
nails,1.33959,144.320205,156.1728,116.5826,119.7362,1
nails,1.399853,138.992645,85.3011,60.9357,62.3947,1
nails,1.486744,146.814487,159.6663,107.3933,91.2613,1
nails,1.588262,153.077837,174.7507,110.0264,106.2698,1
nails,1.364711,141.649635,161.4117,118.2753,93.1825,1
nails,1.360096,140.834148,169.3871,124.5405,83.5348,1
nails,1.471009,147.863341,167.5657,113.9121,101.9981,1
nails,1.422723,146.590571,164.4134,115.5624,107.9173,1
nails,1.256682,136.917646,168.2878,133.9144,99.3048,1
nails,1.584776,150.409606,152.5436,96.2556,91.1444,1
nails,1.26842,136.687618,143.7287,113.3131,86.2552,1
nails,1.968814,152.635812,120.6149,61.2627,61.002,1
nails,1.271214,143.018806,195.442,153.7444,148.3912,1
nails,1.623078,152.821761,172.8191,106.4761,94.7381,1
nails,1.094313,130.809019,116.2881,106.2659,99.1,1
nails,1.137825,134.238932,134.0653,117.8259,116.2349,1
nails,1.282885,138.790971,106.0739,82.6839,86.7954,1
nails,1.070756,130.376075,175.6272,164.0217,152.8654,1
nails,1.163986,132.284866,98.5335,84.6518,74.9822,1
nails,1.08603,128.925227,129.6628,119.3916,100.4792,1
nails,1.083829,131.429025,179.3087,165.44,155.7738,1
nails,1.425344,144.269657,133.9215,93.9573,92.0471,1
nails,1.095722,134.034354,181.277,165.4407,166.3724,1
nails,1.099554,131.526717,160.352,145.8336,133.9288,1
nails,1.131822,134.577523,178.361,157.5875,149.5169,1
nails,1.053661,128.478396,166.4421,157.9655,142.5344,1
nails,1.54011,148.789632,143.9677,93.4788,94.13,1
nails,1.036276,129.995532,210.7689,203.3907,199.8678,1
nails,1.155157,137.147094,171.6256,148.5734,150.666,1
nails,1.058116,131.28856,203.9673,192.7646,188.5112,1
nails,1.072675,133.27756,211.4348,197.1099,198.1812,1
nails,1.191359,136.029532,153.4585,128.8096,116.1188,1
nails,1.060301,128.402123,180.3168,170.0619,149.452,1
nails,1.174815,134.161739,149.0987,126.9125,106.8806,1
nails,1.093306,130.843293,196.2623,179.5126,158.5225,1
nails,1.039958,131.468976,174.9622,168.2397,170.2823,1
nails,1.015916,132.528927,148.1499,145.8289,157.8449,1
nails,0.97986,133.757568,85.0921,86.8411,104.0523,1
nails,1.304109,143.512056,130.3631,99.9634,111.1911,1
nails,1.183102,138.737843,181.7902,153.6555,152.6158,0
nails,1.175665,140.088192,198.7646,169.0657,174.3337,0
nails,1.193115,141.143514,191.6814,160.6563,169.0567,0
nails,1.126645,137.704134,210.0375,186.4274,191.0205,0
nails,1.224563,141.301011,187.4414,153.068,152.6969,0
nails,1.315971,143.936178,185.7686,141.1647,131.9485,0
nails,1.79806,160.422413,177.575,98.7592,106.2961,0
nails,1.386756,144.191852,170.5462,122.9821,100.2578,0
nails,1.365217,142.927969,163.2332,119.5657,97.5099,0
nails,1.213299,144.047306,213.309,175.809,187.2724,0
nails,1.093002,134.785713,211.6395,193.6314,194.9981,0
nails,1.344661,144.042951,163.1822,121.3556,115.7032,0
nails,1.22384,139.254883,195.6187,159.8401,144.5292,0
nails,1.281505,141.28077,177.1451,138.2321,125.1918,0
nails,1.114012,131.77331,192.7226,172.9986,150.7898,0
nails,1.329422,141.647506,138.7987,104.4053,98.5276,0
nails,1.285691,143.69094,159.2696,123.8786,134.3463,0
nails,1.091208,135.806293,230.729,211.4437,214.4018,0
nails,1.513938,151.605426,158.1132,104.4384,117.0087,0
nails,1.168612,138.991484,219.0689,187.4608,178.2648,0
nails,1.138645,133.597377,164.5939,144.5525,130.4205,1
nails,1.542027,149.534282,158.5407,102.8131,92.3249,1
nails,1.295387,138.224916,152.9119,118.0434,89.2143,1
nails,1.384933,138.675263,106.8143,77.1259,61.6947,1
nails,1.14056,130.349059,178.5123,156.5129,115.5382,1
nails,1.046672,127.263254,180.422,172.3768,150.0283,1
nails,1.347708,138.56283,132.4452,98.2744,72.4805,1
nails,1.181996,136.136869,165.997,140.4379,129.1609,1
nails,1.272079,138.513056,154.6457,121.5692,101.9458,1
nails,1.342919,142.366881,167.1791,124.4893,108.4493,1
nails,1.45764,141.181449,107.8988,74.023,65.6573,1
nails,1.368091,138.70744,117.8271,86.1252,70.954,1
nails,1.387722,154.265302,206.1669,148.565,176.3563,1
nails,1.700334,152.228109,132.6885,78.0367,88.5219,1
nails,1.390979,145.900873,163.0422,117.214,113.7606,1
nails,1.454211,149.148127,156.4544,107.5871,115.92,1
nails,1.167544,138.874615,224.2843,192.0992,186.7114,1
nails,1.157285,133.756794,165.8589,143.3173,124.7302,1
nails,1.252842,137.081128,157.0835,125.3817,100.7181,1
nails,1.317954,142.650328,164.9045,125.1216,116.7339,1
nails,1.201471,139.597894,177.051,147.3618,145.2575,1
nails,1.380716,146.141353,211.6459,153.287,120.2499,1
nails,1.358693,145.323946,202.1989,148.8187,125.1786,1
nails,2.49072,161.440832,136.3762,54.7537,42.4001,1
nails,1.146561,133.863841,127.7858,111.4513,105.465,1
nails,1.047821,129.194803,113.6492,108.4625,103.1247,1
nails,1.041455,129.856067,151.5929,145.5588,142.778,1
nails,1.05056,128.996661,114.3184,108.8166,101.0532,1
